timestep_0_feature_0,timestep_0_feature_1,timestep_0_feature_2,timestep_0_feature_3,timestep_0_feature_4,timestep_0_feature_5,timestep_0_feature_6,timestep_0_feature_7,timestep_0_feature_8,timestep_0_feature_9,timestep_1_feature_0,timestep_1_feature_1,timestep_1_feature_2,timestep_1_feature_3,timestep_1_feature_4,timestep_1_feature_5,timestep_1_feature_6,timestep_1_feature_7,timestep_1_feature_8,timestep_1_feature_9,timestep_2_feature_0,timestep_2_feature_1,timestep_2_feature_2,timestep_2_feature_3,timestep_2_feature_4,timestep_2_feature_5,timestep_2_feature_6,timestep_2_feature_7,timestep_2_feature_8,timestep_2_feature_9,timestep_3_feature_0,timestep_3_feature_1,timestep_3_feature_2,timestep_3_feature_3,timestep_3_feature_4,timestep_3_feature_5,timestep_3_feature_6,timestep_3_feature_7,timestep_3_feature_8,timestep_3_feature_9,timestep_4_feature_0,timestep_4_feature_1,timestep_4_feature_2,timestep_4_feature_3,timestep_4_feature_4,timestep_4_feature_5,timestep_4_feature_6,timestep_4_feature_7,timestep_4_feature_8,timestep_4_feature_9,label,timestamp_date,timestamp_time,capture_duration
159.0,0.0,128.0,6.0,63235.0,443.0,252.0,105.0,149.0,51.0,159.0,0.0,128.0,6.0,63235.0,443.0,252.0,105.0,149.0,51.0,348.0,0.0,128.0,6.0,63235.0,443.0,252.0,294.0,149.0,51.0,348.0,0.0,128.0,6.0,63235.0,443.0,252.0,294.0,149.0,51.0,465.0,0.0,128.0,6.0,63235.0,443.0,252.0,411.0,149.0,51.0,Web download,20241029,202924,4
159.0,0.0,128.0,6.0,63235.0,443.0,252.0,105.0,149.0,51.0,348.0,0.0,128.0,6.0,63235.0,443.0,252.0,294.0,149.0,51.0,348.0,0.0,128.0,6.0,63235.0,443.0,252.0,294.0,149.0,51.0,465.0,0.0,128.0,6.0,63235.0,443.0,252.0,411.0,149.0,51.0,465.0,0.0,128.0,6.0,63235.0,443.0,252.0,411.0,149.0,51.0,Web download,20241029,202924,4
348.0,0.0,128.0,6.0,63235.0,443.0,252.0,294.0,149.0,51.0,348.0,0.0,128.0,6.0,63235.0,443.0,252.0,294.0,149.0,51.0,465.0,0.0,128.0,6.0,63235.0,443.0,252.0,411.0,149.0,51.0,465.0,0.0,128.0,6.0,63235.0,443.0,252.0,411.0,149.0,51.0,201.0,0.0,128.0,6.0,63235.0,443.0,252.0,147.0,149.0,51.0,Web download,20241029,202924,4
348.0,0.0,128.0,6.0,63235.0,443.0,252.0,294.0,149.0,51.0,465.0,0.0,128.0,6.0,63235.0,443.0,252.0,411.0,149.0,51.0,465.0,0.0,128.0,6.0,63235.0,443.0,252.0,411.0,149.0,51.0,201.0,0.0,128.0,6.0,63235.0,443.0,252.0,147.0,149.0,51.0,201.0,0.0,128.0,6.0,63235.0,443.0,252.0,147.0,149.0,51.0,Web download,20241029,202924,4
465.0,0.0,128.0,6.0,63235.0,443.0,252.0,411.0,149.0,51.0,465.0,0.0,128.0,6.0,63235.0,443.0,252.0,411.0,149.0,51.0,201.0,0.0,128.0,6.0,63235.0,443.0,252.0,147.0,149.0,51.0,201.0,0.0,128.0,6.0,63235.0,443.0,252.0,147.0,149.0,51.0,753.0,0.0,128.0,6.0,63235.0,443.0,252.0,699.0,149.0,51.0,Web download,20241029,202924,4
465.0,0.0,128.0,6.0,63235.0,443.0,252.0,411.0,149.0,51.0,201.0,0.0,128.0,6.0,63235.0,443.0,252.0,147.0,149.0,51.0,201.0,0.0,128.0,6.0,63235.0,443.0,252.0,147.0,149.0,51.0,753.0,0.0,128.0,6.0,63235.0,443.0,252.0,699.0,149.0,51.0,753.0,0.0,128.0,6.0,63235.0,443.0,252.0,699.0,149.0,51.0,Web download,20241029,202924,4
201.0,0.0,128.0,6.0,63235.0,443.0,252.0,147.0,149.0,51.0,201.0,0.0,128.0,6.0,63235.0,443.0,252.0,147.0,149.0,51.0,753.0,0.0,128.0,6.0,63235.0,443.0,252.0,699.0,149.0,51.0,753.0,0.0,128.0,6.0,63235.0,443.0,252.0,699.0,149.0,51.0,257.0,0.0,128.0,6.0,63235.0,443.0,252.0,203.0,149.0,51.0,Web download,20241029,202924,4
201.0,0.0,128.0,6.0,63235.0,443.0,252.0,147.0,149.0,51.0,753.0,0.0,128.0,6.0,63235.0,443.0,252.0,699.0,149.0,51.0,753.0,0.0,128.0,6.0,63235.0,443.0,252.0,699.0,149.0,51.0,257.0,0.0,128.0,6.0,63235.0,443.0,252.0,203.0,149.0,51.0,257.0,0.0,128.0,6.0,63235.0,443.0,252.0,203.0,149.0,51.0,Web download,20241029,202924,4
753.0,0.0,128.0,6.0,63235.0,443.0,252.0,699.0,149.0,51.0,753.0,0.0,128.0,6.0,63235.0,443.0,252.0,699.0,149.0,51.0,257.0,0.0,128.0,6.0,63235.0,443.0,252.0,203.0,149.0,51.0,257.0,0.0,128.0,6.0,63235.0,443.0,252.0,203.0,149.0,51.0,561.0,0.0,128.0,6.0,63235.0,443.0,252.0,507.0,149.0,51.0,Web download,20241029,202924,4
753.0,0.0,128.0,6.0,63235.0,443.0,252.0,699.0,149.0,51.0,257.0,0.0,128.0,6.0,63235.0,443.0,252.0,203.0,149.0,51.0,257.0,0.0,128.0,6.0,63235.0,443.0,252.0,203.0,149.0,51.0,561.0,0.0,128.0,6.0,63235.0,443.0,252.0,507.0,149.0,51.0,561.0,0.0,128.0,6.0,63235.0,443.0,252.0,507.0,149.0,51.0,Web download,20241029,202924,4
257.0,0.0,128.0,6.0,63235.0,443.0,252.0,203.0,149.0,51.0,257.0,0.0,128.0,6.0,63235.0,443.0,252.0,203.0,149.0,51.0,561.0,0.0,128.0,6.0,63235.0,443.0,252.0,507.0,149.0,51.0,561.0,0.0,128.0,6.0,63235.0,443.0,252.0,507.0,149.0,51.0,1815.0,0.0,128.0,6.0,63235.0,443.0,252.0,1761.0,149.0,51.0,Web download,20241029,202924,4
257.0,0.0,128.0,6.0,63235.0,443.0,252.0,203.0,149.0,51.0,561.0,0.0,128.0,6.0,63235.0,443.0,252.0,507.0,149.0,51.0,561.0,0.0,128.0,6.0,63235.0,443.0,252.0,507.0,149.0,51.0,1815.0,0.0,128.0,6.0,63235.0,443.0,252.0,1761.0,149.0,51.0,1815.0,0.0,128.0,6.0,63235.0,443.0,252.0,1761.0,149.0,51.0,Web download,20241029,202924,4
561.0,0.0,128.0,6.0,63235.0,443.0,252.0,507.0,149.0,51.0,561.0,0.0,128.0,6.0,63235.0,443.0,252.0,507.0,149.0,51.0,1815.0,0.0,128.0,6.0,63235.0,443.0,252.0,1761.0,149.0,51.0,1815.0,0.0,128.0,6.0,63235.0,443.0,252.0,1761.0,149.0,51.0,2612.0,0.0,128.0,6.0,63235.0,443.0,252.0,2558.0,149.0,51.0,Web download,20241029,202924,4
561.0,0.0,128.0,6.0,63235.0,443.0,252.0,507.0,149.0,51.0,1815.0,0.0,128.0,6.0,63235.0,443.0,252.0,1761.0,149.0,51.0,1815.0,0.0,128.0,6.0,63235.0,443.0,252.0,1761.0,149.0,51.0,2612.0,0.0,128.0,6.0,63235.0,443.0,252.0,2558.0,149.0,51.0,2612.0,0.0,128.0,6.0,63235.0,443.0,252.0,2558.0,149.0,51.0,Web download,20241029,202924,4
1815.0,0.0,128.0,6.0,63235.0,443.0,252.0,1761.0,149.0,51.0,1815.0,0.0,128.0,6.0,63235.0,443.0,252.0,1761.0,149.0,51.0,2612.0,0.0,128.0,6.0,63235.0,443.0,252.0,2558.0,149.0,51.0,2612.0,0.0,128.0,6.0,63235.0,443.0,252.0,2558.0,149.0,51.0,800.0,0.0,128.0,6.0,63235.0,443.0,252.0,746.0,149.0,51.0,Web download,20241029,202924,4
1815.0,0.0,128.0,6.0,63235.0,443.0,252.0,1761.0,149.0,51.0,2612.0,0.0,128.0,6.0,63235.0,443.0,252.0,2558.0,149.0,51.0,2612.0,0.0,128.0,6.0,63235.0,443.0,252.0,2558.0,149.0,51.0,800.0,0.0,128.0,6.0,63235.0,443.0,252.0,746.0,149.0,51.0,800.0,0.0,128.0,6.0,63235.0,443.0,252.0,746.0,149.0,51.0,Web download,20241029,202924,4
2612.0,0.0,128.0,6.0,63235.0,443.0,252.0,2558.0,149.0,51.0,2612.0,0.0,128.0,6.0,63235.0,443.0,252.0,2558.0,149.0,51.0,800.0,0.0,128.0,6.0,63235.0,443.0,252.0,746.0,149.0,51.0,800.0,0.0,128.0,6.0,63235.0,443.0,252.0,746.0,149.0,51.0,1249.0,0.0,128.0,6.0,63235.0,443.0,252.0,1195.0,149.0,51.0,Web download,20241029,202924,4
2612.0,0.0,128.0,6.0,63235.0,443.0,252.0,2558.0,149.0,51.0,800.0,0.0,128.0,6.0,63235.0,443.0,252.0,746.0,149.0,51.0,800.0,0.0,128.0,6.0,63235.0,443.0,252.0,746.0,149.0,51.0,1249.0,0.0,128.0,6.0,63235.0,443.0,252.0,1195.0,149.0,51.0,1249.0,0.0,128.0,6.0,63235.0,443.0,252.0,1195.0,149.0,51.0,Web download,20241029,202924,4
800.0,0.0,128.0,6.0,63235.0,443.0,252.0,746.0,149.0,51.0,800.0,0.0,128.0,6.0,63235.0,443.0,252.0,746.0,149.0,51.0,1249.0,0.0,128.0,6.0,63235.0,443.0,252.0,1195.0,149.0,51.0,1249.0,0.0,128.0,6.0,63235.0,443.0,252.0,1195.0,149.0,51.0,103.0,0.0,47.0,6.0,443.0,63235.0,141.0,49.0,51.0,149.0,Normal,20241029,202924,4
800.0,0.0,128.0,6.0,63235.0,443.0,252.0,746.0,149.0,51.0,1249.0,0.0,128.0,6.0,63235.0,443.0,252.0,1195.0,149.0,51.0,1249.0,0.0,128.0,6.0,63235.0,443.0,252.0,1195.0,149.0,51.0,103.0,0.0,47.0,6.0,443.0,63235.0,141.0,49.0,51.0,149.0,103.0,0.0,47.0,6.0,443.0,63235.0,141.0,49.0,51.0,149.0,Normal,20241029,202924,4
1249.0,0.0,128.0,6.0,63235.0,443.0,252.0,1195.0,149.0,51.0,1249.0,0.0,128.0,6.0,63235.0,443.0,252.0,1195.0,149.0,51.0,103.0,0.0,47.0,6.0,443.0,63235.0,141.0,49.0,51.0,149.0,103.0,0.0,47.0,6.0,443.0,63235.0,141.0,49.0,51.0,149.0,574.0,0.0,128.0,6.0,63235.0,443.0,252.0,520.0,149.0,51.0,Web download,20241029,202924,4
1249.0,0.0,128.0,6.0,63235.0,443.0,252.0,1195.0,149.0,51.0,103.0,0.0,47.0,6.0,443.0,63235.0,141.0,49.0,51.0,149.0,103.0,0.0,47.0,6.0,443.0,63235.0,141.0,49.0,51.0,149.0,574.0,0.0,128.0,6.0,63235.0,443.0,252.0,520.0,149.0,51.0,574.0,0.0,128.0,6.0,63235.0,443.0,252.0,520.0,149.0,51.0,Web download,20241029,202924,4
103.0,0.0,47.0,6.0,443.0,63235.0,141.0,49.0,51.0,149.0,103.0,0.0,47.0,6.0,443.0,63235.0,141.0,49.0,51.0,149.0,574.0,0.0,128.0,6.0,63235.0,443.0,252.0,520.0,149.0,51.0,574.0,0.0,128.0,6.0,63235.0,443.0,252.0,520.0,149.0,51.0,2355.0,0.0,128.0,6.0,63235.0,443.0,252.0,2301.0,149.0,51.0,Web download,20241029,202924,4
103.0,0.0,47.0,6.0,443.0,63235.0,141.0,49.0,51.0,149.0,574.0,0.0,128.0,6.0,63235.0,443.0,252.0,520.0,149.0,51.0,574.0,0.0,128.0,6.0,63235.0,443.0,252.0,520.0,149.0,51.0,2355.0,0.0,128.0,6.0,63235.0,443.0,252.0,2301.0,149.0,51.0,2355.0,0.0,128.0,6.0,63235.0,443.0,252.0,2301.0,149.0,51.0,Web download,20241029,202924,4
574.0,0.0,128.0,6.0,63235.0,443.0,252.0,520.0,149.0,51.0,574.0,0.0,128.0,6.0,63235.0,443.0,252.0,520.0,149.0,51.0,2355.0,0.0,128.0,6.0,63235.0,443.0,252.0,2301.0,149.0,51.0,2355.0,0.0,128.0,6.0,63235.0,443.0,252.0,2301.0,149.0,51.0,813.0,0.0,128.0,6.0,63235.0,443.0,252.0,759.0,149.0,51.0,Web download,20241029,202924,4
574.0,0.0,128.0,6.0,63235.0,443.0,252.0,520.0,149.0,51.0,2355.0,0.0,128.0,6.0,63235.0,443.0,252.0,2301.0,149.0,51.0,2355.0,0.0,128.0,6.0,63235.0,443.0,252.0,2301.0,149.0,51.0,813.0,0.0,128.0,6.0,63235.0,443.0,252.0,759.0,149.0,51.0,813.0,0.0,128.0,6.0,63235.0,443.0,252.0,759.0,149.0,51.0,Web download,20241029,202924,4
2355.0,0.0,128.0,6.0,63235.0,443.0,252.0,2301.0,149.0,51.0,2355.0,0.0,128.0,6.0,63235.0,443.0,252.0,2301.0,149.0,51.0,813.0,0.0,128.0,6.0,63235.0,443.0,252.0,759.0,149.0,51.0,813.0,0.0,128.0,6.0,63235.0,443.0,252.0,759.0,149.0,51.0,1951.0,0.0,128.0,6.0,63235.0,443.0,252.0,1897.0,149.0,51.0,Web download,20241029,202924,4
2355.0,0.0,128.0,6.0,63235.0,443.0,252.0,2301.0,149.0,51.0,813.0,0.0,128.0,6.0,63235.0,443.0,252.0,759.0,149.0,51.0,813.0,0.0,128.0,6.0,63235.0,443.0,252.0,759.0,149.0,51.0,1951.0,0.0,128.0,6.0,63235.0,443.0,252.0,1897.0,149.0,51.0,1951.0,0.0,128.0,6.0,63235.0,443.0,252.0,1897.0,149.0,51.0,Web download,20241029,202924,4
813.0,0.0,128.0,6.0,63235.0,443.0,252.0,759.0,149.0,51.0,813.0,0.0,128.0,6.0,63235.0,443.0,252.0,759.0,149.0,51.0,1951.0,0.0,128.0,6.0,63235.0,443.0,252.0,1897.0,149.0,51.0,1951.0,0.0,128.0,6.0,63235.0,443.0,252.0,1897.0,149.0,51.0,95.0,0.0,128.0,6.0,63235.0,443.0,252.0,41.0,149.0,51.0,Web download,20241029,202924,4
813.0,0.0,128.0,6.0,63235.0,443.0,252.0,759.0,149.0,51.0,1951.0,0.0,128.0,6.0,63235.0,443.0,252.0,1897.0,149.0,51.0,1951.0,0.0,128.0,6.0,63235.0,443.0,252.0,1897.0,149.0,51.0,95.0,0.0,128.0,6.0,63235.0,443.0,252.0,41.0,149.0,51.0,95.0,0.0,128.0,6.0,63235.0,443.0,252.0,41.0,149.0,51.0,Web download,20241029,202924,4
1951.0,0.0,128.0,6.0,63235.0,443.0,252.0,1897.0,149.0,51.0,1951.0,0.0,128.0,6.0,63235.0,443.0,252.0,1897.0,149.0,51.0,95.0,0.0,128.0,6.0,63235.0,443.0,252.0,41.0,149.0,51.0,95.0,0.0,128.0,6.0,63235.0,443.0,252.0,41.0,149.0,51.0,1465.0,0.0,128.0,6.0,63235.0,443.0,252.0,1411.0,149.0,51.0,Web download,20241029,202924,4
1951.0,0.0,128.0,6.0,63235.0,443.0,252.0,1897.0,149.0,51.0,95.0,0.0,128.0,6.0,63235.0,443.0,252.0,41.0,149.0,51.0,95.0,0.0,128.0,6.0,63235.0,443.0,252.0,41.0,149.0,51.0,1465.0,0.0,128.0,6.0,63235.0,443.0,252.0,1411.0,149.0,51.0,1465.0,0.0,128.0,6.0,63235.0,443.0,252.0,1411.0,149.0,51.0,Web download,20241029,202924,4
95.0,0.0,128.0,6.0,63235.0,443.0,252.0,41.0,149.0,51.0,95.0,0.0,128.0,6.0,63235.0,443.0,252.0,41.0,149.0,51.0,1465.0,0.0,128.0,6.0,63235.0,443.0,252.0,1411.0,149.0,51.0,1465.0,0.0,128.0,6.0,63235.0,443.0,252.0,1411.0,149.0,51.0,1622.0,0.0,128.0,6.0,63235.0,443.0,252.0,1568.0,149.0,51.0,Web download,20241029,202924,4
95.0,0.0,128.0,6.0,63235.0,443.0,252.0,41.0,149.0,51.0,1465.0,0.0,128.0,6.0,63235.0,443.0,252.0,1411.0,149.0,51.0,1465.0,0.0,128.0,6.0,63235.0,443.0,252.0,1411.0,149.0,51.0,1622.0,0.0,128.0,6.0,63235.0,443.0,252.0,1568.0,149.0,51.0,1622.0,0.0,128.0,6.0,63235.0,443.0,252.0,1568.0,149.0,51.0,Web download,20241029,202924,4
1465.0,0.0,128.0,6.0,63235.0,443.0,252.0,1411.0,149.0,51.0,1465.0,0.0,128.0,6.0,63235.0,443.0,252.0,1411.0,149.0,51.0,1622.0,0.0,128.0,6.0,63235.0,443.0,252.0,1568.0,149.0,51.0,1622.0,0.0,128.0,6.0,63235.0,443.0,252.0,1568.0,149.0,51.0,1538.0,0.0,128.0,6.0,63235.0,443.0,252.0,1484.0,149.0,51.0,Web download,20241029,202924,4
1465.0,0.0,128.0,6.0,63235.0,443.0,252.0,1411.0,149.0,51.0,1622.0,0.0,128.0,6.0,63235.0,443.0,252.0,1568.0,149.0,51.0,1622.0,0.0,128.0,6.0,63235.0,443.0,252.0,1568.0,149.0,51.0,1538.0,0.0,128.0,6.0,63235.0,443.0,252.0,1484.0,149.0,51.0,1538.0,0.0,128.0,6.0,63235.0,443.0,252.0,1484.0,149.0,51.0,Web download,20241029,202924,4
1622.0,0.0,128.0,6.0,63235.0,443.0,252.0,1568.0,149.0,51.0,1622.0,0.0,128.0,6.0,63235.0,443.0,252.0,1568.0,149.0,51.0,1538.0,0.0,128.0,6.0,63235.0,443.0,252.0,1484.0,149.0,51.0,1538.0,0.0,128.0,6.0,63235.0,443.0,252.0,1484.0,149.0,51.0,722.0,0.0,128.0,6.0,63235.0,443.0,252.0,668.0,149.0,51.0,Web download,20241029,202924,4
1622.0,0.0,128.0,6.0,63235.0,443.0,252.0,1568.0,149.0,51.0,1538.0,0.0,128.0,6.0,63235.0,443.0,252.0,1484.0,149.0,51.0,1538.0,0.0,128.0,6.0,63235.0,443.0,252.0,1484.0,149.0,51.0,722.0,0.0,128.0,6.0,63235.0,443.0,252.0,668.0,149.0,51.0,722.0,0.0,128.0,6.0,63235.0,443.0,252.0,668.0,149.0,51.0,Web download,20241029,202924,4
1538.0,0.0,128.0,6.0,63235.0,443.0,252.0,1484.0,149.0,51.0,1538.0,0.0,128.0,6.0,63235.0,443.0,252.0,1484.0,149.0,51.0,722.0,0.0,128.0,6.0,63235.0,443.0,252.0,668.0,149.0,51.0,722.0,0.0,128.0,6.0,63235.0,443.0,252.0,668.0,149.0,51.0,969.0,0.0,128.0,6.0,63235.0,443.0,252.0,915.0,149.0,51.0,Web download,20241029,202924,4
1538.0,0.0,128.0,6.0,63235.0,443.0,252.0,1484.0,149.0,51.0,722.0,0.0,128.0,6.0,63235.0,443.0,252.0,668.0,149.0,51.0,722.0,0.0,128.0,6.0,63235.0,443.0,252.0,668.0,149.0,51.0,969.0,0.0,128.0,6.0,63235.0,443.0,252.0,915.0,149.0,51.0,969.0,0.0,128.0,6.0,63235.0,443.0,252.0,915.0,149.0,51.0,Web download,20241029,202924,4
722.0,0.0,128.0,6.0,63235.0,443.0,252.0,668.0,149.0,51.0,722.0,0.0,128.0,6.0,63235.0,443.0,252.0,668.0,149.0,51.0,969.0,0.0,128.0,6.0,63235.0,443.0,252.0,915.0,149.0,51.0,969.0,0.0,128.0,6.0,63235.0,443.0,252.0,915.0,149.0,51.0,586.0,0.0,128.0,6.0,63235.0,443.0,252.0,532.0,149.0,51.0,Web download,20241029,202924,4
722.0,0.0,128.0,6.0,63235.0,443.0,252.0,668.0,149.0,51.0,969.0,0.0,128.0,6.0,63235.0,443.0,252.0,915.0,149.0,51.0,969.0,0.0,128.0,6.0,63235.0,443.0,252.0,915.0,149.0,51.0,586.0,0.0,128.0,6.0,63235.0,443.0,252.0,532.0,149.0,51.0,586.0,0.0,128.0,6.0,63235.0,443.0,252.0,532.0,149.0,51.0,Web download,20241029,202924,4
969.0,0.0,128.0,6.0,63235.0,443.0,252.0,915.0,149.0,51.0,969.0,0.0,128.0,6.0,63235.0,443.0,252.0,915.0,149.0,51.0,586.0,0.0,128.0,6.0,63235.0,443.0,252.0,532.0,149.0,51.0,586.0,0.0,128.0,6.0,63235.0,443.0,252.0,532.0,149.0,51.0,801.0,0.0,128.0,6.0,63235.0,443.0,252.0,747.0,149.0,51.0,Web download,20241029,202924,4
969.0,0.0,128.0,6.0,63235.0,443.0,252.0,915.0,149.0,51.0,586.0,0.0,128.0,6.0,63235.0,443.0,252.0,532.0,149.0,51.0,586.0,0.0,128.0,6.0,63235.0,443.0,252.0,532.0,149.0,51.0,801.0,0.0,128.0,6.0,63235.0,443.0,252.0,747.0,149.0,51.0,801.0,0.0,128.0,6.0,63235.0,443.0,252.0,747.0,149.0,51.0,Web download,20241029,202924,4
586.0,0.0,128.0,6.0,63235.0,443.0,252.0,532.0,149.0,51.0,586.0,0.0,128.0,6.0,63235.0,443.0,252.0,532.0,149.0,51.0,801.0,0.0,128.0,6.0,63235.0,443.0,252.0,747.0,149.0,51.0,801.0,0.0,128.0,6.0,63235.0,443.0,252.0,747.0,149.0,51.0,1072.0,0.0,128.0,6.0,63235.0,443.0,252.0,1018.0,149.0,51.0,Web download,20241029,202924,4
586.0,0.0,128.0,6.0,63235.0,443.0,252.0,532.0,149.0,51.0,801.0,0.0,128.0,6.0,63235.0,443.0,252.0,747.0,149.0,51.0,801.0,0.0,128.0,6.0,63235.0,443.0,252.0,747.0,149.0,51.0,1072.0,0.0,128.0,6.0,63235.0,443.0,252.0,1018.0,149.0,51.0,1072.0,0.0,128.0,6.0,63235.0,443.0,252.0,1018.0,149.0,51.0,Web download,20241029,202924,4
801.0,0.0,128.0,6.0,63235.0,443.0,252.0,747.0,149.0,51.0,801.0,0.0,128.0,6.0,63235.0,443.0,252.0,747.0,149.0,51.0,1072.0,0.0,128.0,6.0,63235.0,443.0,252.0,1018.0,149.0,51.0,1072.0,0.0,128.0,6.0,63235.0,443.0,252.0,1018.0,149.0,51.0,2634.0,0.0,128.0,6.0,63235.0,443.0,252.0,2580.0,149.0,51.0,Web download,20241029,202924,4
801.0,0.0,128.0,6.0,63235.0,443.0,252.0,747.0,149.0,51.0,1072.0,0.0,128.0,6.0,63235.0,443.0,252.0,1018.0,149.0,51.0,1072.0,0.0,128.0,6.0,63235.0,443.0,252.0,1018.0,149.0,51.0,2634.0,0.0,128.0,6.0,63235.0,443.0,252.0,2580.0,149.0,51.0,2634.0,0.0,128.0,6.0,63235.0,443.0,252.0,2580.0,149.0,51.0,Web download,20241029,202924,4
1072.0,0.0,128.0,6.0,63235.0,443.0,252.0,1018.0,149.0,51.0,1072.0,0.0,128.0,6.0,63235.0,443.0,252.0,1018.0,149.0,51.0,2634.0,0.0,128.0,6.0,63235.0,443.0,252.0,2580.0,149.0,51.0,2634.0,0.0,128.0,6.0,63235.0,443.0,252.0,2580.0,149.0,51.0,1086.0,0.0,128.0,6.0,63235.0,443.0,252.0,1032.0,149.0,51.0,Web download,20241029,202924,4
1072.0,0.0,128.0,6.0,63235.0,443.0,252.0,1018.0,149.0,51.0,2634.0,0.0,128.0,6.0,63235.0,443.0,252.0,2580.0,149.0,51.0,2634.0,0.0,128.0,6.0,63235.0,443.0,252.0,2580.0,149.0,51.0,1086.0,0.0,128.0,6.0,63235.0,443.0,252.0,1032.0,149.0,51.0,1086.0,0.0,128.0,6.0,63235.0,443.0,252.0,1032.0,149.0,51.0,Web download,20241029,202924,4
2634.0,0.0,128.0,6.0,63235.0,443.0,252.0,2580.0,149.0,51.0,2634.0,0.0,128.0,6.0,63235.0,443.0,252.0,2580.0,149.0,51.0,1086.0,0.0,128.0,6.0,63235.0,443.0,252.0,1032.0,149.0,51.0,1086.0,0.0,128.0,6.0,63235.0,443.0,252.0,1032.0,149.0,51.0,1446.0,0.0,128.0,6.0,63235.0,443.0,252.0,1392.0,149.0,51.0,Web download,20241029,202924,4
2634.0,0.0,128.0,6.0,63235.0,443.0,252.0,2580.0,149.0,51.0,1086.0,0.0,128.0,6.0,63235.0,443.0,252.0,1032.0,149.0,51.0,1086.0,0.0,128.0,6.0,63235.0,443.0,252.0,1032.0,149.0,51.0,1446.0,0.0,128.0,6.0,63235.0,443.0,252.0,1392.0,149.0,51.0,1446.0,0.0,128.0,6.0,63235.0,443.0,252.0,1392.0,149.0,51.0,Web download,20241029,202924,4
1086.0,0.0,128.0,6.0,63235.0,443.0,252.0,1032.0,149.0,51.0,1086.0,0.0,128.0,6.0,63235.0,443.0,252.0,1032.0,149.0,51.0,1446.0,0.0,128.0,6.0,63235.0,443.0,252.0,1392.0,149.0,51.0,1446.0,0.0,128.0,6.0,63235.0,443.0,252.0,1392.0,149.0,51.0,225.0,0.0,128.0,6.0,63235.0,443.0,252.0,171.0,149.0,51.0,Web download,20241029,202924,4
1086.0,0.0,128.0,6.0,63235.0,443.0,252.0,1032.0,149.0,51.0,1446.0,0.0,128.0,6.0,63235.0,443.0,252.0,1392.0,149.0,51.0,1446.0,0.0,128.0,6.0,63235.0,443.0,252.0,1392.0,149.0,51.0,225.0,0.0,128.0,6.0,63235.0,443.0,252.0,171.0,149.0,51.0,225.0,0.0,128.0,6.0,63235.0,443.0,252.0,171.0,149.0,51.0,Web download,20241029,202924,4
1446.0,0.0,128.0,6.0,63235.0,443.0,252.0,1392.0,149.0,51.0,1446.0,0.0,128.0,6.0,63235.0,443.0,252.0,1392.0,149.0,51.0,225.0,0.0,128.0,6.0,63235.0,443.0,252.0,171.0,149.0,51.0,225.0,0.0,128.0,6.0,63235.0,443.0,252.0,171.0,149.0,51.0,919.0,0.0,128.0,6.0,63235.0,443.0,252.0,865.0,149.0,51.0,Web download,20241029,202924,4
1446.0,0.0,128.0,6.0,63235.0,443.0,252.0,1392.0,149.0,51.0,225.0,0.0,128.0,6.0,63235.0,443.0,252.0,171.0,149.0,51.0,225.0,0.0,128.0,6.0,63235.0,443.0,252.0,171.0,149.0,51.0,919.0,0.0,128.0,6.0,63235.0,443.0,252.0,865.0,149.0,51.0,919.0,0.0,128.0,6.0,63235.0,443.0,252.0,865.0,149.0,51.0,Web download,20241029,202924,4
225.0,0.0,128.0,6.0,63235.0,443.0,252.0,171.0,149.0,51.0,225.0,0.0,128.0,6.0,63235.0,443.0,252.0,171.0,149.0,51.0,919.0,0.0,128.0,6.0,63235.0,443.0,252.0,865.0,149.0,51.0,919.0,0.0,128.0,6.0,63235.0,443.0,252.0,865.0,149.0,51.0,1104.0,0.0,128.0,6.0,63235.0,443.0,252.0,1050.0,149.0,51.0,Web download,20241029,202924,4
225.0,0.0,128.0,6.0,63235.0,443.0,252.0,171.0,149.0,51.0,919.0,0.0,128.0,6.0,63235.0,443.0,252.0,865.0,149.0,51.0,919.0,0.0,128.0,6.0,63235.0,443.0,252.0,865.0,149.0,51.0,1104.0,0.0,128.0,6.0,63235.0,443.0,252.0,1050.0,149.0,51.0,1104.0,0.0,128.0,6.0,63235.0,443.0,252.0,1050.0,149.0,51.0,Web download,20241029,202924,4
919.0,0.0,128.0,6.0,63235.0,443.0,252.0,865.0,149.0,51.0,919.0,0.0,128.0,6.0,63235.0,443.0,252.0,865.0,149.0,51.0,1104.0,0.0,128.0,6.0,63235.0,443.0,252.0,1050.0,149.0,51.0,1104.0,0.0,128.0,6.0,63235.0,443.0,252.0,1050.0,149.0,51.0,60.0,0.0,47.0,6.0,443.0,63235.0,141.0,6.0,51.0,149.0,Normal,20241029,202924,4
919.0,0.0,128.0,6.0,63235.0,443.0,252.0,865.0,149.0,51.0,1104.0,0.0,128.0,6.0,63235.0,443.0,252.0,1050.0,149.0,51.0,1104.0,0.0,128.0,6.0,63235.0,443.0,252.0,1050.0,149.0,51.0,60.0,0.0,47.0,6.0,443.0,63235.0,141.0,6.0,51.0,149.0,60.0,0.0,47.0,6.0,443.0,63235.0,141.0,6.0,51.0,149.0,Normal,20241029,202924,4
1104.0,0.0,128.0,6.0,63235.0,443.0,252.0,1050.0,149.0,51.0,1104.0,0.0,128.0,6.0,63235.0,443.0,252.0,1050.0,149.0,51.0,60.0,0.0,47.0,6.0,443.0,63235.0,141.0,6.0,51.0,149.0,60.0,0.0,47.0,6.0,443.0,63235.0,141.0,6.0,51.0,149.0,60.0,0.0,47.0,6.0,443.0,63235.0,141.0,6.0,51.0,149.0,Normal,20241029,202924,4
1104.0,0.0,128.0,6.0,63235.0,443.0,252.0,1050.0,149.0,51.0,60.0,0.0,47.0,6.0,443.0,63235.0,141.0,6.0,51.0,149.0,60.0,0.0,47.0,6.0,443.0,63235.0,141.0,6.0,51.0,149.0,60.0,0.0,47.0,6.0,443.0,63235.0,141.0,6.0,51.0,149.0,60.0,0.0,47.0,6.0,443.0,63235.0,141.0,6.0,51.0,149.0,Normal,20241029,202924,4
60.0,0.0,47.0,6.0,443.0,63235.0,141.0,6.0,51.0,149.0,60.0,0.0,47.0,6.0,443.0,63235.0,141.0,6.0,51.0,149.0,60.0,0.0,47.0,6.0,443.0,63235.0,141.0,6.0,51.0,149.0,60.0,0.0,47.0,6.0,443.0,63235.0,141.0,6.0,51.0,149.0,60.0,0.0,47.0,6.0,443.0,63235.0,141.0,6.0,51.0,149.0,Normal,20241029,202924,4
60.0,0.0,47.0,6.0,443.0,63235.0,141.0,6.0,51.0,149.0,60.0,0.0,47.0,6.0,443.0,63235.0,141.0,6.0,51.0,149.0,60.0,0.0,47.0,6.0,443.0,63235.0,141.0,6.0,51.0,149.0,60.0,0.0,47.0,6.0,443.0,63235.0,141.0,6.0,51.0,149.0,60.0,0.0,47.0,6.0,443.0,63235.0,141.0,6.0,51.0,149.0,Normal,20241029,202924,4
60.0,0.0,47.0,6.0,443.0,63235.0,141.0,6.0,51.0,149.0,60.0,0.0,47.0,6.0,443.0,63235.0,141.0,6.0,51.0,149.0,60.0,0.0,47.0,6.0,443.0,63235.0,141.0,6.0,51.0,149.0,60.0,0.0,47.0,6.0,443.0,63235.0,141.0,6.0,51.0,149.0,60.0,0.0,47.0,6.0,443.0,63235.0,141.0,6.0,51.0,149.0,Normal,20241029,202924,4
60.0,0.0,47.0,6.0,443.0,63235.0,141.0,6.0,51.0,149.0,60.0,0.0,47.0,6.0,443.0,63235.0,141.0,6.0,51.0,149.0,60.0,0.0,47.0,6.0,443.0,63235.0,141.0,6.0,51.0,149.0,60.0,0.0,47.0,6.0,443.0,63235.0,141.0,6.0,51.0,149.0,60.0,0.0,47.0,6.0,443.0,63235.0,141.0,6.0,51.0,149.0,Normal,20241029,202924,4
60.0,0.0,47.0,6.0,443.0,63235.0,141.0,6.0,51.0,149.0,60.0,0.0,47.0,6.0,443.0,63235.0,141.0,6.0,51.0,149.0,60.0,0.0,47.0,6.0,443.0,63235.0,141.0,6.0,51.0,149.0,60.0,0.0,47.0,6.0,443.0,63235.0,141.0,6.0,51.0,149.0,60.0,0.0,47.0,6.0,443.0,63235.0,141.0,6.0,51.0,149.0,Normal,20241029,202924,4
60.0,0.0,47.0,6.0,443.0,63235.0,141.0,6.0,51.0,149.0,60.0,0.0,47.0,6.0,443.0,63235.0,141.0,6.0,51.0,149.0,60.0,0.0,47.0,6.0,443.0,63235.0,141.0,6.0,51.0,149.0,60.0,0.0,47.0,6.0,443.0,63235.0,141.0,6.0,51.0,149.0,60.0,0.0,47.0,6.0,443.0,63235.0,141.0,6.0,51.0,149.0,Normal,20241029,202924,4
60.0,0.0,47.0,6.0,443.0,63235.0,141.0,6.0,51.0,149.0,60.0,0.0,47.0,6.0,443.0,63235.0,141.0,6.0,51.0,149.0,60.0,0.0,47.0,6.0,443.0,63235.0,141.0,6.0,51.0,149.0,60.0,0.0,47.0,6.0,443.0,63235.0,141.0,6.0,51.0,149.0,60.0,0.0,47.0,6.0,443.0,63235.0,141.0,6.0,51.0,149.0,Normal,20241029,202924,4
60.0,0.0,47.0,6.0,443.0,63235.0,141.0,6.0,51.0,149.0,60.0,0.0,47.0,6.0,443.0,63235.0,141.0,6.0,51.0,149.0,60.0,0.0,47.0,6.0,443.0,63235.0,141.0,6.0,51.0,149.0,60.0,0.0,47.0,6.0,443.0,63235.0,141.0,6.0,51.0,149.0,60.0,0.0,47.0,6.0,443.0,63235.0,141.0,6.0,51.0,149.0,Normal,20241029,202924,4
60.0,0.0,47.0,6.0,443.0,63235.0,141.0,6.0,51.0,149.0,60.0,0.0,47.0,6.0,443.0,63235.0,141.0,6.0,51.0,149.0,60.0,0.0,47.0,6.0,443.0,63235.0,141.0,6.0,51.0,149.0,60.0,0.0,47.0,6.0,443.0,63235.0,141.0,6.0,51.0,149.0,60.0,0.0,47.0,6.0,443.0,63235.0,141.0,6.0,51.0,149.0,Normal,20241029,202924,4
60.0,0.0,47.0,6.0,443.0,63235.0,141.0,6.0,51.0,149.0,60.0,0.0,47.0,6.0,443.0,63235.0,141.0,6.0,51.0,149.0,60.0,0.0,47.0,6.0,443.0,63235.0,141.0,6.0,51.0,149.0,60.0,0.0,47.0,6.0,443.0,63235.0,141.0,6.0,51.0,149.0,60.0,0.0,47.0,6.0,443.0,63235.0,141.0,6.0,51.0,149.0,Normal,20241029,202924,4
60.0,0.0,47.0,6.0,443.0,63235.0,141.0,6.0,51.0,149.0,60.0,0.0,47.0,6.0,443.0,63235.0,141.0,6.0,51.0,149.0,60.0,0.0,47.0,6.0,443.0,63235.0,141.0,6.0,51.0,149.0,60.0,0.0,47.0,6.0,443.0,63235.0,141.0,6.0,51.0,149.0,1126.0,0.0,128.0,6.0,63235.0,443.0,252.0,1072.0,149.0,51.0,Web download,20241029,202924,4
60.0,0.0,47.0,6.0,443.0,63235.0,141.0,6.0,51.0,149.0,60.0,0.0,47.0,6.0,443.0,63235.0,141.0,6.0,51.0,149.0,60.0,0.0,47.0,6.0,443.0,63235.0,141.0,6.0,51.0,149.0,1126.0,0.0,128.0,6.0,63235.0,443.0,252.0,1072.0,149.0,51.0,1126.0,0.0,128.0,6.0,63235.0,443.0,252.0,1072.0,149.0,51.0,Web download,20241029,202924,4
60.0,0.0,47.0,6.0,443.0,63235.0,141.0,6.0,51.0,149.0,60.0,0.0,47.0,6.0,443.0,63235.0,141.0,6.0,51.0,149.0,1126.0,0.0,128.0,6.0,63235.0,443.0,252.0,1072.0,149.0,51.0,1126.0,0.0,128.0,6.0,63235.0,443.0,252.0,1072.0,149.0,51.0,1338.0,0.0,128.0,6.0,63235.0,443.0,252.0,1284.0,149.0,51.0,Web download,20241029,202924,4
60.0,0.0,47.0,6.0,443.0,63235.0,141.0,6.0,51.0,149.0,1126.0,0.0,128.0,6.0,63235.0,443.0,252.0,1072.0,149.0,51.0,1126.0,0.0,128.0,6.0,63235.0,443.0,252.0,1072.0,149.0,51.0,1338.0,0.0,128.0,6.0,63235.0,443.0,252.0,1284.0,149.0,51.0,1338.0,0.0,128.0,6.0,63235.0,443.0,252.0,1284.0,149.0,51.0,Web download,20241029,202924,4
1126.0,0.0,128.0,6.0,63235.0,443.0,252.0,1072.0,149.0,51.0,1126.0,0.0,128.0,6.0,63235.0,443.0,252.0,1072.0,149.0,51.0,1338.0,0.0,128.0,6.0,63235.0,443.0,252.0,1284.0,149.0,51.0,1338.0,0.0,128.0,6.0,63235.0,443.0,252.0,1284.0,149.0,51.0,2567.0,0.0,128.0,6.0,63235.0,443.0,252.0,2513.0,149.0,51.0,Web download,20241029,202924,4
1126.0,0.0,128.0,6.0,63235.0,443.0,252.0,1072.0,149.0,51.0,1338.0,0.0,128.0,6.0,63235.0,443.0,252.0,1284.0,149.0,51.0,1338.0,0.0,128.0,6.0,63235.0,443.0,252.0,1284.0,149.0,51.0,2567.0,0.0,128.0,6.0,63235.0,443.0,252.0,2513.0,149.0,51.0,2567.0,0.0,128.0,6.0,63235.0,443.0,252.0,2513.0,149.0,51.0,Web download,20241029,202924,4
1338.0,0.0,128.0,6.0,63235.0,443.0,252.0,1284.0,149.0,51.0,1338.0,0.0,128.0,6.0,63235.0,443.0,252.0,1284.0,149.0,51.0,2567.0,0.0,128.0,6.0,63235.0,443.0,252.0,2513.0,149.0,51.0,2567.0,0.0,128.0,6.0,63235.0,443.0,252.0,2513.0,149.0,51.0,125.0,0.0,128.0,6.0,63235.0,443.0,252.0,71.0,149.0,51.0,Web download,20241029,202924,4
1338.0,0.0,128.0,6.0,63235.0,443.0,252.0,1284.0,149.0,51.0,2567.0,0.0,128.0,6.0,63235.0,443.0,252.0,2513.0,149.0,51.0,2567.0,0.0,128.0,6.0,63235.0,443.0,252.0,2513.0,149.0,51.0,125.0,0.0,128.0,6.0,63235.0,443.0,252.0,71.0,149.0,51.0,125.0,0.0,128.0,6.0,63235.0,443.0,252.0,71.0,149.0,51.0,Web download,20241029,202924,4
2567.0,0.0,128.0,6.0,63235.0,443.0,252.0,2513.0,149.0,51.0,2567.0,0.0,128.0,6.0,63235.0,443.0,252.0,2513.0,149.0,51.0,125.0,0.0,128.0,6.0,63235.0,443.0,252.0,71.0,149.0,51.0,125.0,0.0,128.0,6.0,63235.0,443.0,252.0,71.0,149.0,51.0,1341.0,0.0,128.0,6.0,63235.0,443.0,252.0,1287.0,149.0,51.0,Web download,20241029,202924,4
2567.0,0.0,128.0,6.0,63235.0,443.0,252.0,2513.0,149.0,51.0,125.0,0.0,128.0,6.0,63235.0,443.0,252.0,71.0,149.0,51.0,125.0,0.0,128.0,6.0,63235.0,443.0,252.0,71.0,149.0,51.0,1341.0,0.0,128.0,6.0,63235.0,443.0,252.0,1287.0,149.0,51.0,1341.0,0.0,128.0,6.0,63235.0,443.0,252.0,1287.0,149.0,51.0,Web download,20241029,202924,4
125.0,0.0,128.0,6.0,63235.0,443.0,252.0,71.0,149.0,51.0,125.0,0.0,128.0,6.0,63235.0,443.0,252.0,71.0,149.0,51.0,1341.0,0.0,128.0,6.0,63235.0,443.0,252.0,1287.0,149.0,51.0,1341.0,0.0,128.0,6.0,63235.0,443.0,252.0,1287.0,149.0,51.0,60.0,0.0,47.0,6.0,443.0,63235.0,141.0,6.0,51.0,149.0,Normal,20241029,202924,4
125.0,0.0,128.0,6.0,63235.0,443.0,252.0,71.0,149.0,51.0,1341.0,0.0,128.0,6.0,63235.0,443.0,252.0,1287.0,149.0,51.0,1341.0,0.0,128.0,6.0,63235.0,443.0,252.0,1287.0,149.0,51.0,60.0,0.0,47.0,6.0,443.0,63235.0,141.0,6.0,51.0,149.0,60.0,0.0,47.0,6.0,443.0,63235.0,141.0,6.0,51.0,149.0,Normal,20241029,202924,4
1341.0,0.0,128.0,6.0,63235.0,443.0,252.0,1287.0,149.0,51.0,1341.0,0.0,128.0,6.0,63235.0,443.0,252.0,1287.0,149.0,51.0,60.0,0.0,47.0,6.0,443.0,63235.0,141.0,6.0,51.0,149.0,60.0,0.0,47.0,6.0,443.0,63235.0,141.0,6.0,51.0,149.0,1092.0,0.0,128.0,6.0,63235.0,443.0,252.0,1038.0,149.0,51.0,Web download,20241029,202924,4
1341.0,0.0,128.0,6.0,63235.0,443.0,252.0,1287.0,149.0,51.0,60.0,0.0,47.0,6.0,443.0,63235.0,141.0,6.0,51.0,149.0,60.0,0.0,47.0,6.0,443.0,63235.0,141.0,6.0,51.0,149.0,1092.0,0.0,128.0,6.0,63235.0,443.0,252.0,1038.0,149.0,51.0,1092.0,0.0,128.0,6.0,63235.0,443.0,252.0,1038.0,149.0,51.0,Web download,20241029,202924,4
60.0,0.0,47.0,6.0,443.0,63235.0,141.0,6.0,51.0,149.0,60.0,0.0,47.0,6.0,443.0,63235.0,141.0,6.0,51.0,149.0,1092.0,0.0,128.0,6.0,63235.0,443.0,252.0,1038.0,149.0,51.0,1092.0,0.0,128.0,6.0,63235.0,443.0,252.0,1038.0,149.0,51.0,2360.0,0.0,128.0,6.0,63235.0,443.0,252.0,2306.0,149.0,51.0,Web download,20241029,202924,4
60.0,0.0,47.0,6.0,443.0,63235.0,141.0,6.0,51.0,149.0,1092.0,0.0,128.0,6.0,63235.0,443.0,252.0,1038.0,149.0,51.0,1092.0,0.0,128.0,6.0,63235.0,443.0,252.0,1038.0,149.0,51.0,2360.0,0.0,128.0,6.0,63235.0,443.0,252.0,2306.0,149.0,51.0,2360.0,0.0,128.0,6.0,63235.0,443.0,252.0,2306.0,149.0,51.0,Web download,20241029,202924,4
1092.0,0.0,128.0,6.0,63235.0,443.0,252.0,1038.0,149.0,51.0,1092.0,0.0,128.0,6.0,63235.0,443.0,252.0,1038.0,149.0,51.0,2360.0,0.0,128.0,6.0,63235.0,443.0,252.0,2306.0,149.0,51.0,2360.0,0.0,128.0,6.0,63235.0,443.0,252.0,2306.0,149.0,51.0,1194.0,0.0,128.0,6.0,63235.0,443.0,252.0,1140.0,149.0,51.0,Web download,20241029,202924,4
1092.0,0.0,128.0,6.0,63235.0,443.0,252.0,1038.0,149.0,51.0,2360.0,0.0,128.0,6.0,63235.0,443.0,252.0,2306.0,149.0,51.0,2360.0,0.0,128.0,6.0,63235.0,443.0,252.0,2306.0,149.0,51.0,1194.0,0.0,128.0,6.0,63235.0,443.0,252.0,1140.0,149.0,51.0,1194.0,0.0,128.0,6.0,63235.0,443.0,252.0,1140.0,149.0,51.0,Web download,20241029,202924,4
2360.0,0.0,128.0,6.0,63235.0,443.0,252.0,2306.0,149.0,51.0,2360.0,0.0,128.0,6.0,63235.0,443.0,252.0,2306.0,149.0,51.0,1194.0,0.0,128.0,6.0,63235.0,443.0,252.0,1140.0,149.0,51.0,1194.0,0.0,128.0,6.0,63235.0,443.0,252.0,1140.0,149.0,51.0,823.0,0.0,128.0,6.0,63235.0,443.0,252.0,769.0,149.0,51.0,Web download,20241029,202924,4
2360.0,0.0,128.0,6.0,63235.0,443.0,252.0,2306.0,149.0,51.0,1194.0,0.0,128.0,6.0,63235.0,443.0,252.0,1140.0,149.0,51.0,1194.0,0.0,128.0,6.0,63235.0,443.0,252.0,1140.0,149.0,51.0,823.0,0.0,128.0,6.0,63235.0,443.0,252.0,769.0,149.0,51.0,823.0,0.0,128.0,6.0,63235.0,443.0,252.0,769.0,149.0,51.0,Web download,20241029,202924,4
1194.0,0.0,128.0,6.0,63235.0,443.0,252.0,1140.0,149.0,51.0,1194.0,0.0,128.0,6.0,63235.0,443.0,252.0,1140.0,149.0,51.0,823.0,0.0,128.0,6.0,63235.0,443.0,252.0,769.0,149.0,51.0,823.0,0.0,128.0,6.0,63235.0,443.0,252.0,769.0,149.0,51.0,60.0,0.0,47.0,6.0,443.0,63235.0,141.0,6.0,51.0,149.0,Normal,20241029,202924,4
1194.0,0.0,128.0,6.0,63235.0,443.0,252.0,1140.0,149.0,51.0,823.0,0.0,128.0,6.0,63235.0,443.0,252.0,769.0,149.0,51.0,823.0,0.0,128.0,6.0,63235.0,443.0,252.0,769.0,149.0,51.0,60.0,0.0,47.0,6.0,443.0,63235.0,141.0,6.0,51.0,149.0,60.0,0.0,47.0,6.0,443.0,63235.0,141.0,6.0,51.0,149.0,Normal,20241029,202924,4
823.0,0.0,128.0,6.0,63235.0,443.0,252.0,769.0,149.0,51.0,823.0,0.0,128.0,6.0,63235.0,443.0,252.0,769.0,149.0,51.0,60.0,0.0,47.0,6.0,443.0,63235.0,141.0,6.0,51.0,149.0,60.0,0.0,47.0,6.0,443.0,63235.0,141.0,6.0,51.0,149.0,2088.0,0.0,128.0,6.0,63235.0,443.0,252.0,2034.0,149.0,51.0,Web download,20241029,202924,4
823.0,0.0,128.0,6.0,63235.0,443.0,252.0,769.0,149.0,51.0,60.0,0.0,47.0,6.0,443.0,63235.0,141.0,6.0,51.0,149.0,60.0,0.0,47.0,6.0,443.0,63235.0,141.0,6.0,51.0,149.0,2088.0,0.0,128.0,6.0,63235.0,443.0,252.0,2034.0,149.0,51.0,2088.0,0.0,128.0,6.0,63235.0,443.0,252.0,2034.0,149.0,51.0,Web download,20241029,202924,4
60.0,0.0,47.0,6.0,443.0,63235.0,141.0,6.0,51.0,149.0,60.0,0.0,47.0,6.0,443.0,63235.0,141.0,6.0,51.0,149.0,2088.0,0.0,128.0,6.0,63235.0,443.0,252.0,2034.0,149.0,51.0,2088.0,0.0,128.0,6.0,63235.0,443.0,252.0,2034.0,149.0,51.0,60.0,0.0,47.0,6.0,443.0,63235.0,141.0,6.0,51.0,149.0,Normal,20241029,202924,4
60.0,0.0,47.0,6.0,443.0,63235.0,141.0,6.0,51.0,149.0,2088.0,0.0,128.0,6.0,63235.0,443.0,252.0,2034.0,149.0,51.0,2088.0,0.0,128.0,6.0,63235.0,443.0,252.0,2034.0,149.0,51.0,60.0,0.0,47.0,6.0,443.0,63235.0,141.0,6.0,51.0,149.0,60.0,0.0,47.0,6.0,443.0,63235.0,141.0,6.0,51.0,149.0,Normal,20241029,202924,4
2088.0,0.0,128.0,6.0,63235.0,443.0,252.0,2034.0,149.0,51.0,2088.0,0.0,128.0,6.0,63235.0,443.0,252.0,2034.0,149.0,51.0,60.0,0.0,47.0,6.0,443.0,63235.0,141.0,6.0,51.0,149.0,60.0,0.0,47.0,6.0,443.0,63235.0,141.0,6.0,51.0,149.0,60.0,0.0,47.0,6.0,443.0,63235.0,141.0,6.0,51.0,149.0,Normal,20241029,202924,4
2088.0,0.0,128.0,6.0,63235.0,443.0,252.0,2034.0,149.0,51.0,60.0,0.0,47.0,6.0,443.0,63235.0,141.0,6.0,51.0,149.0,60.0,0.0,47.0,6.0,443.0,63235.0,141.0,6.0,51.0,149.0,60.0,0.0,47.0,6.0,443.0,63235.0,141.0,6.0,51.0,149.0,60.0,0.0,47.0,6.0,443.0,63235.0,141.0,6.0,51.0,149.0,Normal,20241029,202924,4
60.0,0.0,47.0,6.0,443.0,63235.0,141.0,6.0,51.0,149.0,60.0,0.0,47.0,6.0,443.0,63235.0,141.0,6.0,51.0,149.0,60.0,0.0,47.0,6.0,443.0,63235.0,141.0,6.0,51.0,149.0,60.0,0.0,47.0,6.0,443.0,63235.0,141.0,6.0,51.0,149.0,60.0,0.0,47.0,6.0,443.0,63235.0,141.0,6.0,51.0,149.0,Normal,20241029,202924,4
60.0,0.0,47.0,6.0,443.0,63235.0,141.0,6.0,51.0,149.0,60.0,0.0,47.0,6.0,443.0,63235.0,141.0,6.0,51.0,149.0,60.0,0.0,47.0,6.0,443.0,63235.0,141.0,6.0,51.0,149.0,60.0,0.0,47.0,6.0,443.0,63235.0,141.0,6.0,51.0,149.0,60.0,0.0,47.0,6.0,443.0,63235.0,141.0,6.0,51.0,149.0,Normal,20241029,202924,4
60.0,0.0,47.0,6.0,443.0,63235.0,141.0,6.0,51.0,149.0,60.0,0.0,47.0,6.0,443.0,63235.0,141.0,6.0,51.0,149.0,60.0,0.0,47.0,6.0,443.0,63235.0,141.0,6.0,51.0,149.0,60.0,0.0,47.0,6.0,443.0,63235.0,141.0,6.0,51.0,149.0,60.0,0.0,47.0,6.0,443.0,63235.0,141.0,6.0,51.0,149.0,Normal,20241029,202924,4
60.0,0.0,47.0,6.0,443.0,63235.0,141.0,6.0,51.0,149.0,60.0,0.0,47.0,6.0,443.0,63235.0,141.0,6.0,51.0,149.0,60.0,0.0,47.0,6.0,443.0,63235.0,141.0,6.0,51.0,149.0,60.0,0.0,47.0,6.0,443.0,63235.0,141.0,6.0,51.0,149.0,60.0,0.0,47.0,6.0,443.0,63235.0,141.0,6.0,51.0,149.0,Normal,20241029,202924,4
60.0,0.0,47.0,6.0,443.0,63235.0,141.0,6.0,51.0,149.0,60.0,0.0,47.0,6.0,443.0,63235.0,141.0,6.0,51.0,149.0,60.0,0.0,47.0,6.0,443.0,63235.0,141.0,6.0,51.0,149.0,60.0,0.0,47.0,6.0,443.0,63235.0,141.0,6.0,51.0,149.0,60.0,0.0,47.0,6.0,443.0,63235.0,141.0,6.0,51.0,149.0,Normal,20241029,202924,4
60.0,0.0,47.0,6.0,443.0,63235.0,141.0,6.0,51.0,149.0,60.0,0.0,47.0,6.0,443.0,63235.0,141.0,6.0,51.0,149.0,60.0,0.0,47.0,6.0,443.0,63235.0,141.0,6.0,51.0,149.0,60.0,0.0,47.0,6.0,443.0,63235.0,141.0,6.0,51.0,149.0,60.0,0.0,47.0,6.0,443.0,63235.0,141.0,6.0,51.0,149.0,Normal,20241029,202924,4
60.0,0.0,47.0,6.0,443.0,63235.0,141.0,6.0,51.0,149.0,60.0,0.0,47.0,6.0,443.0,63235.0,141.0,6.0,51.0,149.0,60.0,0.0,47.0,6.0,443.0,63235.0,141.0,6.0,51.0,149.0,60.0,0.0,47.0,6.0,443.0,63235.0,141.0,6.0,51.0,149.0,60.0,0.0,47.0,6.0,443.0,63235.0,141.0,6.0,51.0,149.0,Normal,20241029,202924,4
60.0,0.0,47.0,6.0,443.0,63235.0,141.0,6.0,51.0,149.0,60.0,0.0,47.0,6.0,443.0,63235.0,141.0,6.0,51.0,149.0,60.0,0.0,47.0,6.0,443.0,63235.0,141.0,6.0,51.0,149.0,60.0,0.0,47.0,6.0,443.0,63235.0,141.0,6.0,51.0,149.0,60.0,0.0,47.0,6.0,443.0,63235.0,141.0,6.0,51.0,149.0,Normal,20241029,202924,4
60.0,0.0,47.0,6.0,443.0,63235.0,141.0,6.0,51.0,149.0,60.0,0.0,47.0,6.0,443.0,63235.0,141.0,6.0,51.0,149.0,60.0,0.0,47.0,6.0,443.0,63235.0,141.0,6.0,51.0,149.0,60.0,0.0,47.0,6.0,443.0,63235.0,141.0,6.0,51.0,149.0,60.0,0.0,47.0,6.0,443.0,63235.0,141.0,6.0,51.0,149.0,Normal,20241029,202924,4
60.0,0.0,47.0,6.0,443.0,63235.0,141.0,6.0,51.0,149.0,60.0,0.0,47.0,6.0,443.0,63235.0,141.0,6.0,51.0,149.0,60.0,0.0,47.0,6.0,443.0,63235.0,141.0,6.0,51.0,149.0,60.0,0.0,47.0,6.0,443.0,63235.0,141.0,6.0,51.0,149.0,60.0,0.0,47.0,6.0,443.0,63235.0,141.0,6.0,51.0,149.0,Normal,20241029,202924,4
60.0,0.0,47.0,6.0,443.0,63235.0,141.0,6.0,51.0,149.0,60.0,0.0,47.0,6.0,443.0,63235.0,141.0,6.0,51.0,149.0,60.0,0.0,47.0,6.0,443.0,63235.0,141.0,6.0,51.0,149.0,60.0,0.0,47.0,6.0,443.0,63235.0,141.0,6.0,51.0,149.0,60.0,0.0,47.0,6.0,443.0,63235.0,141.0,6.0,51.0,149.0,Normal,20241029,202924,4
60.0,0.0,47.0,6.0,443.0,63235.0,141.0,6.0,51.0,149.0,60.0,0.0,47.0,6.0,443.0,63235.0,141.0,6.0,51.0,149.0,60.0,0.0,47.0,6.0,443.0,63235.0,141.0,6.0,51.0,149.0,60.0,0.0,47.0,6.0,443.0,63235.0,141.0,6.0,51.0,149.0,60.0,0.0,47.0,6.0,443.0,63235.0,141.0,6.0,51.0,149.0,Normal,20241029,202924,4
60.0,0.0,47.0,6.0,443.0,63235.0,141.0,6.0,51.0,149.0,60.0,0.0,47.0,6.0,443.0,63235.0,141.0,6.0,51.0,149.0,60.0,0.0,47.0,6.0,443.0,63235.0,141.0,6.0,51.0,149.0,60.0,0.0,47.0,6.0,443.0,63235.0,141.0,6.0,51.0,149.0,5795.0,0.0,128.0,6.0,63235.0,443.0,252.0,5741.0,149.0,51.0,Web download,20241029,202924,4
60.0,0.0,47.0,6.0,443.0,63235.0,141.0,6.0,51.0,149.0,60.0,0.0,47.0,6.0,443.0,63235.0,141.0,6.0,51.0,149.0,60.0,0.0,47.0,6.0,443.0,63235.0,141.0,6.0,51.0,149.0,5795.0,0.0,128.0,6.0,63235.0,443.0,252.0,5741.0,149.0,51.0,5795.0,0.0,128.0,6.0,63235.0,443.0,252.0,5741.0,149.0,51.0,Web download,20241029,202924,4
60.0,0.0,47.0,6.0,443.0,63235.0,141.0,6.0,51.0,149.0,60.0,0.0,47.0,6.0,443.0,63235.0,141.0,6.0,51.0,149.0,5795.0,0.0,128.0,6.0,63235.0,443.0,252.0,5741.0,149.0,51.0,5795.0,0.0,128.0,6.0,63235.0,443.0,252.0,5741.0,149.0,51.0,60.0,0.0,47.0,6.0,443.0,63235.0,141.0,6.0,51.0,149.0,Normal,20241029,202924,4
60.0,0.0,47.0,6.0,443.0,63235.0,141.0,6.0,51.0,149.0,5795.0,0.0,128.0,6.0,63235.0,443.0,252.0,5741.0,149.0,51.0,5795.0,0.0,128.0,6.0,63235.0,443.0,252.0,5741.0,149.0,51.0,60.0,0.0,47.0,6.0,443.0,63235.0,141.0,6.0,51.0,149.0,60.0,0.0,47.0,6.0,443.0,63235.0,141.0,6.0,51.0,149.0,Normal,20241029,202924,4
5795.0,0.0,128.0,6.0,63235.0,443.0,252.0,5741.0,149.0,51.0,5795.0,0.0,128.0,6.0,63235.0,443.0,252.0,5741.0,149.0,51.0,60.0,0.0,47.0,6.0,443.0,63235.0,141.0,6.0,51.0,149.0,60.0,0.0,47.0,6.0,443.0,63235.0,141.0,6.0,51.0,149.0,13495.0,0.0,128.0,6.0,63235.0,443.0,252.0,13441.0,149.0,51.0,Web download,20241029,202924,4
5795.0,0.0,128.0,6.0,63235.0,443.0,252.0,5741.0,149.0,51.0,60.0,0.0,47.0,6.0,443.0,63235.0,141.0,6.0,51.0,149.0,60.0,0.0,47.0,6.0,443.0,63235.0,141.0,6.0,51.0,149.0,13495.0,0.0,128.0,6.0,63235.0,443.0,252.0,13441.0,149.0,51.0,13495.0,0.0,128.0,6.0,63235.0,443.0,252.0,13441.0,149.0,51.0,Web download,20241029,202924,4
60.0,0.0,47.0,6.0,443.0,63235.0,141.0,6.0,51.0,149.0,60.0,0.0,47.0,6.0,443.0,63235.0,141.0,6.0,51.0,149.0,13495.0,0.0,128.0,6.0,63235.0,443.0,252.0,13441.0,149.0,51.0,13495.0,0.0,128.0,6.0,63235.0,443.0,252.0,13441.0,149.0,51.0,60.0,0.0,47.0,6.0,443.0,63235.0,140.0,6.0,51.0,149.0,Normal,20241029,202924,4
60.0,0.0,47.0,6.0,443.0,63235.0,141.0,6.0,51.0,149.0,13495.0,0.0,128.0,6.0,63235.0,443.0,252.0,13441.0,149.0,51.0,13495.0,0.0,128.0,6.0,63235.0,443.0,252.0,13441.0,149.0,51.0,60.0,0.0,47.0,6.0,443.0,63235.0,140.0,6.0,51.0,149.0,60.0,0.0,47.0,6.0,443.0,63235.0,140.0,6.0,51.0,149.0,Normal,20241029,202924,4
13495.0,0.0,128.0,6.0,63235.0,443.0,252.0,13441.0,149.0,51.0,13495.0,0.0,128.0,6.0,63235.0,443.0,252.0,13441.0,149.0,51.0,60.0,0.0,47.0,6.0,443.0,63235.0,140.0,6.0,51.0,149.0,60.0,0.0,47.0,6.0,443.0,63235.0,140.0,6.0,51.0,149.0,60.0,0.0,47.0,6.0,443.0,63235.0,141.0,6.0,51.0,149.0,Normal,20241029,202924,4
13495.0,0.0,128.0,6.0,63235.0,443.0,252.0,13441.0,149.0,51.0,60.0,0.0,47.0,6.0,443.0,63235.0,140.0,6.0,51.0,149.0,60.0,0.0,47.0,6.0,443.0,63235.0,140.0,6.0,51.0,149.0,60.0,0.0,47.0,6.0,443.0,63235.0,141.0,6.0,51.0,149.0,60.0,0.0,47.0,6.0,443.0,63235.0,141.0,6.0,51.0,149.0,Normal,20241029,202924,4
60.0,0.0,47.0,6.0,443.0,63235.0,140.0,6.0,51.0,149.0,60.0,0.0,47.0,6.0,443.0,63235.0,140.0,6.0,51.0,149.0,60.0,0.0,47.0,6.0,443.0,63235.0,141.0,6.0,51.0,149.0,60.0,0.0,47.0,6.0,443.0,63235.0,141.0,6.0,51.0,149.0,60.0,0.0,47.0,6.0,443.0,63235.0,141.0,6.0,51.0,149.0,Normal,20241029,202924,4
60.0,0.0,47.0,6.0,443.0,63235.0,140.0,6.0,51.0,149.0,60.0,0.0,47.0,6.0,443.0,63235.0,141.0,6.0,51.0,149.0,60.0,0.0,47.0,6.0,443.0,63235.0,141.0,6.0,51.0,149.0,60.0,0.0,47.0,6.0,443.0,63235.0,141.0,6.0,51.0,149.0,60.0,0.0,47.0,6.0,443.0,63235.0,141.0,6.0,51.0,149.0,Normal,20241029,202924,4
60.0,0.0,47.0,6.0,443.0,63235.0,141.0,6.0,51.0,149.0,60.0,0.0,47.0,6.0,443.0,63235.0,141.0,6.0,51.0,149.0,60.0,0.0,47.0,6.0,443.0,63235.0,141.0,6.0,51.0,149.0,60.0,0.0,47.0,6.0,443.0,63235.0,141.0,6.0,51.0,149.0,60.0,0.0,47.0,6.0,443.0,63235.0,141.0,6.0,51.0,149.0,Normal,20241029,202924,4
60.0,0.0,47.0,6.0,443.0,63235.0,141.0,6.0,51.0,149.0,60.0,0.0,47.0,6.0,443.0,63235.0,141.0,6.0,51.0,149.0,60.0,0.0,47.0,6.0,443.0,63235.0,141.0,6.0,51.0,149.0,60.0,0.0,47.0,6.0,443.0,63235.0,141.0,6.0,51.0,149.0,60.0,0.0,47.0,6.0,443.0,63235.0,141.0,6.0,51.0,149.0,Normal,20241029,202924,4
60.0,0.0,47.0,6.0,443.0,63235.0,141.0,6.0,51.0,149.0,60.0,0.0,47.0,6.0,443.0,63235.0,141.0,6.0,51.0,149.0,60.0,0.0,47.0,6.0,443.0,63235.0,141.0,6.0,51.0,149.0,60.0,0.0,47.0,6.0,443.0,63235.0,141.0,6.0,51.0,149.0,60.0,0.0,47.0,6.0,443.0,63235.0,141.0,6.0,51.0,149.0,Normal,20241029,202924,4
60.0,0.0,47.0,6.0,443.0,63235.0,141.0,6.0,51.0,149.0,60.0,0.0,47.0,6.0,443.0,63235.0,141.0,6.0,51.0,149.0,60.0,0.0,47.0,6.0,443.0,63235.0,141.0,6.0,51.0,149.0,60.0,0.0,47.0,6.0,443.0,63235.0,141.0,6.0,51.0,149.0,60.0,0.0,47.0,6.0,443.0,63235.0,141.0,6.0,51.0,149.0,Normal,20241029,202924,4
60.0,0.0,47.0,6.0,443.0,63235.0,141.0,6.0,51.0,149.0,60.0,0.0,47.0,6.0,443.0,63235.0,141.0,6.0,51.0,149.0,60.0,0.0,47.0,6.0,443.0,63235.0,141.0,6.0,51.0,149.0,60.0,0.0,47.0,6.0,443.0,63235.0,141.0,6.0,51.0,149.0,60.0,0.0,47.0,6.0,443.0,63235.0,141.0,6.0,51.0,149.0,Normal,20241029,202924,4
60.0,0.0,47.0,6.0,443.0,63235.0,141.0,6.0,51.0,149.0,60.0,0.0,47.0,6.0,443.0,63235.0,141.0,6.0,51.0,149.0,60.0,0.0,47.0,6.0,443.0,63235.0,141.0,6.0,51.0,149.0,60.0,0.0,47.0,6.0,443.0,63235.0,141.0,6.0,51.0,149.0,60.0,0.0,47.0,6.0,443.0,63235.0,141.0,6.0,51.0,149.0,Normal,20241029,202924,4
60.0,0.0,47.0,6.0,443.0,63235.0,141.0,6.0,51.0,149.0,60.0,0.0,47.0,6.0,443.0,63235.0,141.0,6.0,51.0,149.0,60.0,0.0,47.0,6.0,443.0,63235.0,141.0,6.0,51.0,149.0,60.0,0.0,47.0,6.0,443.0,63235.0,141.0,6.0,51.0,149.0,1798.0,0.0,128.0,6.0,63235.0,443.0,252.0,1744.0,149.0,51.0,Web download,20241029,202924,4
60.0,0.0,47.0,6.0,443.0,63235.0,141.0,6.0,51.0,149.0,60.0,0.0,47.0,6.0,443.0,63235.0,141.0,6.0,51.0,149.0,60.0,0.0,47.0,6.0,443.0,63235.0,141.0,6.0,51.0,149.0,1798.0,0.0,128.0,6.0,63235.0,443.0,252.0,1744.0,149.0,51.0,1798.0,0.0,128.0,6.0,63235.0,443.0,252.0,1744.0,149.0,51.0,Web download,20241029,202924,4
60.0,0.0,47.0,6.0,443.0,63235.0,141.0,6.0,51.0,149.0,60.0,0.0,47.0,6.0,443.0,63235.0,141.0,6.0,51.0,149.0,1798.0,0.0,128.0,6.0,63235.0,443.0,252.0,1744.0,149.0,51.0,1798.0,0.0,128.0,6.0,63235.0,443.0,252.0,1744.0,149.0,51.0,60.0,0.0,47.0,6.0,443.0,63235.0,141.0,6.0,51.0,149.0,Normal,20241029,202924,4
60.0,0.0,47.0,6.0,443.0,63235.0,141.0,6.0,51.0,149.0,1798.0,0.0,128.0,6.0,63235.0,443.0,252.0,1744.0,149.0,51.0,1798.0,0.0,128.0,6.0,63235.0,443.0,252.0,1744.0,149.0,51.0,60.0,0.0,47.0,6.0,443.0,63235.0,141.0,6.0,51.0,149.0,60.0,0.0,47.0,6.0,443.0,63235.0,141.0,6.0,51.0,149.0,Normal,20241029,202924,4
1798.0,0.0,128.0,6.0,63235.0,443.0,252.0,1744.0,149.0,51.0,1798.0,0.0,128.0,6.0,63235.0,443.0,252.0,1744.0,149.0,51.0,60.0,0.0,47.0,6.0,443.0,63235.0,141.0,6.0,51.0,149.0,60.0,0.0,47.0,6.0,443.0,63235.0,141.0,6.0,51.0,149.0,27484.0,0.0,128.0,6.0,63235.0,443.0,252.0,27430.0,149.0,51.0,Web download,20241029,202924,4
1798.0,0.0,128.0,6.0,63235.0,443.0,252.0,1744.0,149.0,51.0,60.0,0.0,47.0,6.0,443.0,63235.0,141.0,6.0,51.0,149.0,60.0,0.0,47.0,6.0,443.0,63235.0,141.0,6.0,51.0,149.0,27484.0,0.0,128.0,6.0,63235.0,443.0,252.0,27430.0,149.0,51.0,27484.0,0.0,128.0,6.0,63235.0,443.0,252.0,27430.0,149.0,51.0,Web download,20241029,202924,4
60.0,0.0,47.0,6.0,443.0,63235.0,141.0,6.0,51.0,149.0,60.0,0.0,47.0,6.0,443.0,63235.0,141.0,6.0,51.0,149.0,27484.0,0.0,128.0,6.0,63235.0,443.0,252.0,27430.0,149.0,51.0,27484.0,0.0,128.0,6.0,63235.0,443.0,252.0,27430.0,149.0,51.0,60.0,0.0,47.0,6.0,443.0,63235.0,140.0,6.0,51.0,149.0,Normal,20241029,202924,4
60.0,0.0,47.0,6.0,443.0,63235.0,141.0,6.0,51.0,149.0,27484.0,0.0,128.0,6.0,63235.0,443.0,252.0,27430.0,149.0,51.0,27484.0,0.0,128.0,6.0,63235.0,443.0,252.0,27430.0,149.0,51.0,60.0,0.0,47.0,6.0,443.0,63235.0,140.0,6.0,51.0,149.0,60.0,0.0,47.0,6.0,443.0,63235.0,140.0,6.0,51.0,149.0,Normal,20241029,202924,4
27484.0,0.0,128.0,6.0,63235.0,443.0,252.0,27430.0,149.0,51.0,27484.0,0.0,128.0,6.0,63235.0,443.0,252.0,27430.0,149.0,51.0,60.0,0.0,47.0,6.0,443.0,63235.0,140.0,6.0,51.0,149.0,60.0,0.0,47.0,6.0,443.0,63235.0,140.0,6.0,51.0,149.0,60.0,0.0,47.0,6.0,443.0,63235.0,141.0,6.0,51.0,149.0,Normal,20241029,202924,4
27484.0,0.0,128.0,6.0,63235.0,443.0,252.0,27430.0,149.0,51.0,60.0,0.0,47.0,6.0,443.0,63235.0,140.0,6.0,51.0,149.0,60.0,0.0,47.0,6.0,443.0,63235.0,140.0,6.0,51.0,149.0,60.0,0.0,47.0,6.0,443.0,63235.0,141.0,6.0,51.0,149.0,60.0,0.0,47.0,6.0,443.0,63235.0,141.0,6.0,51.0,149.0,Normal,20241029,202924,4
60.0,0.0,47.0,6.0,443.0,63235.0,140.0,6.0,51.0,149.0,60.0,0.0,47.0,6.0,443.0,63235.0,140.0,6.0,51.0,149.0,60.0,0.0,47.0,6.0,443.0,63235.0,141.0,6.0,51.0,149.0,60.0,0.0,47.0,6.0,443.0,63235.0,141.0,6.0,51.0,149.0,60.0,0.0,47.0,6.0,443.0,63235.0,141.0,6.0,51.0,149.0,Normal,20241029,202924,4
60.0,0.0,47.0,6.0,443.0,63235.0,140.0,6.0,51.0,149.0,60.0,0.0,47.0,6.0,443.0,63235.0,141.0,6.0,51.0,149.0,60.0,0.0,47.0,6.0,443.0,63235.0,141.0,6.0,51.0,149.0,60.0,0.0,47.0,6.0,443.0,63235.0,141.0,6.0,51.0,149.0,60.0,0.0,47.0,6.0,443.0,63235.0,141.0,6.0,51.0,149.0,Normal,20241029,202924,4
60.0,0.0,47.0,6.0,443.0,63235.0,141.0,6.0,51.0,149.0,60.0,0.0,47.0,6.0,443.0,63235.0,141.0,6.0,51.0,149.0,60.0,0.0,47.0,6.0,443.0,63235.0,141.0,6.0,51.0,149.0,60.0,0.0,47.0,6.0,443.0,63235.0,141.0,6.0,51.0,149.0,60.0,0.0,47.0,6.0,443.0,63235.0,141.0,6.0,51.0,149.0,Normal,20241029,202924,4
60.0,0.0,47.0,6.0,443.0,63235.0,141.0,6.0,51.0,149.0,60.0,0.0,47.0,6.0,443.0,63235.0,141.0,6.0,51.0,149.0,60.0,0.0,47.0,6.0,443.0,63235.0,141.0,6.0,51.0,149.0,60.0,0.0,47.0,6.0,443.0,63235.0,141.0,6.0,51.0,149.0,60.0,0.0,47.0,6.0,443.0,63235.0,141.0,6.0,51.0,149.0,Normal,20241029,202924,4
60.0,0.0,47.0,6.0,443.0,63235.0,141.0,6.0,51.0,149.0,60.0,0.0,47.0,6.0,443.0,63235.0,141.0,6.0,51.0,149.0,60.0,0.0,47.0,6.0,443.0,63235.0,141.0,6.0,51.0,149.0,60.0,0.0,47.0,6.0,443.0,63235.0,141.0,6.0,51.0,149.0,60.0,0.0,47.0,6.0,443.0,63235.0,141.0,6.0,51.0,149.0,Normal,20241029,202924,4
60.0,0.0,47.0,6.0,443.0,63235.0,141.0,6.0,51.0,149.0,60.0,0.0,47.0,6.0,443.0,63235.0,141.0,6.0,51.0,149.0,60.0,0.0,47.0,6.0,443.0,63235.0,141.0,6.0,51.0,149.0,60.0,0.0,47.0,6.0,443.0,63235.0,141.0,6.0,51.0,149.0,60.0,0.0,47.0,6.0,443.0,63235.0,141.0,6.0,51.0,149.0,Normal,20241029,202924,4
60.0,0.0,47.0,6.0,443.0,63235.0,141.0,6.0,51.0,149.0,60.0,0.0,47.0,6.0,443.0,63235.0,141.0,6.0,51.0,149.0,60.0,0.0,47.0,6.0,443.0,63235.0,141.0,6.0,51.0,149.0,60.0,0.0,47.0,6.0,443.0,63235.0,141.0,6.0,51.0,149.0,60.0,0.0,47.0,6.0,443.0,63235.0,140.0,6.0,51.0,149.0,Normal,20241029,202924,4
60.0,0.0,47.0,6.0,443.0,63235.0,141.0,6.0,51.0,149.0,60.0,0.0,47.0,6.0,443.0,63235.0,141.0,6.0,51.0,149.0,60.0,0.0,47.0,6.0,443.0,63235.0,141.0,6.0,51.0,149.0,60.0,0.0,47.0,6.0,443.0,63235.0,140.0,6.0,51.0,149.0,60.0,0.0,47.0,6.0,443.0,63235.0,140.0,6.0,51.0,149.0,Normal,20241029,202924,4
60.0,0.0,47.0,6.0,443.0,63235.0,141.0,6.0,51.0,149.0,60.0,0.0,47.0,6.0,443.0,63235.0,141.0,6.0,51.0,149.0,60.0,0.0,47.0,6.0,443.0,63235.0,140.0,6.0,51.0,149.0,60.0,0.0,47.0,6.0,443.0,63235.0,140.0,6.0,51.0,149.0,60.0,0.0,47.0,6.0,443.0,63235.0,140.0,6.0,51.0,149.0,Normal,20241029,202924,4
60.0,0.0,47.0,6.0,443.0,63235.0,141.0,6.0,51.0,149.0,60.0,0.0,47.0,6.0,443.0,63235.0,140.0,6.0,51.0,149.0,60.0,0.0,47.0,6.0,443.0,63235.0,140.0,6.0,51.0,149.0,60.0,0.0,47.0,6.0,443.0,63235.0,140.0,6.0,51.0,149.0,60.0,0.0,47.0,6.0,443.0,63235.0,140.0,6.0,51.0,149.0,Normal,20241029,202924,4
60.0,0.0,47.0,6.0,443.0,63235.0,140.0,6.0,51.0,149.0,60.0,0.0,47.0,6.0,443.0,63235.0,140.0,6.0,51.0,149.0,60.0,0.0,47.0,6.0,443.0,63235.0,140.0,6.0,51.0,149.0,60.0,0.0,47.0,6.0,443.0,63235.0,140.0,6.0,51.0,149.0,60.0,0.0,47.0,6.0,443.0,63235.0,140.0,6.0,51.0,149.0,Normal,20241029,202924,4
60.0,0.0,47.0,6.0,443.0,63235.0,140.0,6.0,51.0,149.0,60.0,0.0,47.0,6.0,443.0,63235.0,140.0,6.0,51.0,149.0,60.0,0.0,47.0,6.0,443.0,63235.0,140.0,6.0,51.0,149.0,60.0,0.0,47.0,6.0,443.0,63235.0,140.0,6.0,51.0,149.0,60.0,0.0,47.0,6.0,443.0,63235.0,140.0,6.0,51.0,149.0,Normal,20241029,202924,4
60.0,0.0,47.0,6.0,443.0,63235.0,140.0,6.0,51.0,149.0,60.0,0.0,47.0,6.0,443.0,63235.0,140.0,6.0,51.0,149.0,60.0,0.0,47.0,6.0,443.0,63235.0,140.0,6.0,51.0,149.0,60.0,0.0,47.0,6.0,443.0,63235.0,140.0,6.0,51.0,149.0,60.0,0.0,47.0,6.0,443.0,63235.0,139.0,6.0,51.0,149.0,Normal,20241029,202924,4
60.0,0.0,47.0,6.0,443.0,63235.0,140.0,6.0,51.0,149.0,60.0,0.0,47.0,6.0,443.0,63235.0,140.0,6.0,51.0,149.0,60.0,0.0,47.0,6.0,443.0,63235.0,140.0,6.0,51.0,149.0,60.0,0.0,47.0,6.0,443.0,63235.0,139.0,6.0,51.0,149.0,60.0,0.0,47.0,6.0,443.0,63235.0,139.0,6.0,51.0,149.0,Normal,20241029,202924,4
60.0,0.0,47.0,6.0,443.0,63235.0,140.0,6.0,51.0,149.0,60.0,0.0,47.0,6.0,443.0,63235.0,140.0,6.0,51.0,149.0,60.0,0.0,47.0,6.0,443.0,63235.0,139.0,6.0,51.0,149.0,60.0,0.0,47.0,6.0,443.0,63235.0,139.0,6.0,51.0,149.0,60.0,0.0,47.0,6.0,443.0,63235.0,139.0,6.0,51.0,149.0,Normal,20241029,202924,4
60.0,0.0,47.0,6.0,443.0,63235.0,140.0,6.0,51.0,149.0,60.0,0.0,47.0,6.0,443.0,63235.0,139.0,6.0,51.0,149.0,60.0,0.0,47.0,6.0,443.0,63235.0,139.0,6.0,51.0,149.0,60.0,0.0,47.0,6.0,443.0,63235.0,139.0,6.0,51.0,149.0,60.0,0.0,47.0,6.0,443.0,63235.0,139.0,6.0,51.0,149.0,Normal,20241029,202924,4
60.0,0.0,47.0,6.0,443.0,63235.0,139.0,6.0,51.0,149.0,60.0,0.0,47.0,6.0,443.0,63235.0,139.0,6.0,51.0,149.0,60.0,0.0,47.0,6.0,443.0,63235.0,139.0,6.0,51.0,149.0,60.0,0.0,47.0,6.0,443.0,63235.0,139.0,6.0,51.0,149.0,18240.0,0.0,128.0,6.0,63235.0,443.0,252.0,18186.0,149.0,51.0,Web download,20241029,202924,4
60.0,0.0,47.0,6.0,443.0,63235.0,139.0,6.0,51.0,149.0,60.0,0.0,47.0,6.0,443.0,63235.0,139.0,6.0,51.0,149.0,60.0,0.0,47.0,6.0,443.0,63235.0,139.0,6.0,51.0,149.0,18240.0,0.0,128.0,6.0,63235.0,443.0,252.0,18186.0,149.0,51.0,18240.0,0.0,128.0,6.0,63235.0,443.0,252.0,18186.0,149.0,51.0,Web download,20241029,202924,4
60.0,0.0,47.0,6.0,443.0,63235.0,139.0,6.0,51.0,149.0,60.0,0.0,47.0,6.0,443.0,63235.0,139.0,6.0,51.0,149.0,18240.0,0.0,128.0,6.0,63235.0,443.0,252.0,18186.0,149.0,51.0,18240.0,0.0,128.0,6.0,63235.0,443.0,252.0,18186.0,149.0,51.0,60.0,0.0,47.0,6.0,443.0,63235.0,140.0,6.0,51.0,149.0,Normal,20241029,202924,4
60.0,0.0,47.0,6.0,443.0,63235.0,139.0,6.0,51.0,149.0,18240.0,0.0,128.0,6.0,63235.0,443.0,252.0,18186.0,149.0,51.0,18240.0,0.0,128.0,6.0,63235.0,443.0,252.0,18186.0,149.0,51.0,60.0,0.0,47.0,6.0,443.0,63235.0,140.0,6.0,51.0,149.0,60.0,0.0,47.0,6.0,443.0,63235.0,140.0,6.0,51.0,149.0,Normal,20241029,202924,4
18240.0,0.0,128.0,6.0,63235.0,443.0,252.0,18186.0,149.0,51.0,18240.0,0.0,128.0,6.0,63235.0,443.0,252.0,18186.0,149.0,51.0,60.0,0.0,47.0,6.0,443.0,63235.0,140.0,6.0,51.0,149.0,60.0,0.0,47.0,6.0,443.0,63235.0,140.0,6.0,51.0,149.0,60.0,0.0,47.0,6.0,443.0,63235.0,140.0,6.0,51.0,149.0,Normal,20241029,202924,4
18240.0,0.0,128.0,6.0,63235.0,443.0,252.0,18186.0,149.0,51.0,60.0,0.0,47.0,6.0,443.0,63235.0,140.0,6.0,51.0,149.0,60.0,0.0,47.0,6.0,443.0,63235.0,140.0,6.0,51.0,149.0,60.0,0.0,47.0,6.0,443.0,63235.0,140.0,6.0,51.0,149.0,60.0,0.0,47.0,6.0,443.0,63235.0,140.0,6.0,51.0,149.0,Normal,20241029,202924,4
60.0,0.0,47.0,6.0,443.0,63235.0,140.0,6.0,51.0,149.0,60.0,0.0,47.0,6.0,443.0,63235.0,140.0,6.0,51.0,149.0,60.0,0.0,47.0,6.0,443.0,63235.0,140.0,6.0,51.0,149.0,60.0,0.0,47.0,6.0,443.0,63235.0,140.0,6.0,51.0,149.0,60.0,0.0,47.0,6.0,443.0,63235.0,138.0,6.0,51.0,149.0,Normal,20241029,202924,4
60.0,0.0,47.0,6.0,443.0,63235.0,140.0,6.0,51.0,149.0,60.0,0.0,47.0,6.0,443.0,63235.0,140.0,6.0,51.0,149.0,60.0,0.0,47.0,6.0,443.0,63235.0,140.0,6.0,51.0,149.0,60.0,0.0,47.0,6.0,443.0,63235.0,138.0,6.0,51.0,149.0,60.0,0.0,47.0,6.0,443.0,63235.0,138.0,6.0,51.0,149.0,Normal,20241029,202924,4
60.0,0.0,47.0,6.0,443.0,63235.0,140.0,6.0,51.0,149.0,60.0,0.0,47.0,6.0,443.0,63235.0,140.0,6.0,51.0,149.0,60.0,0.0,47.0,6.0,443.0,63235.0,138.0,6.0,51.0,149.0,60.0,0.0,47.0,6.0,443.0,63235.0,138.0,6.0,51.0,149.0,60.0,0.0,47.0,6.0,443.0,63235.0,140.0,6.0,51.0,149.0,Normal,20241029,202924,4
60.0,0.0,47.0,6.0,443.0,63235.0,140.0,6.0,51.0,149.0,60.0,0.0,47.0,6.0,443.0,63235.0,138.0,6.0,51.0,149.0,60.0,0.0,47.0,6.0,443.0,63235.0,138.0,6.0,51.0,149.0,60.0,0.0,47.0,6.0,443.0,63235.0,140.0,6.0,51.0,149.0,60.0,0.0,47.0,6.0,443.0,63235.0,140.0,6.0,51.0,149.0,Normal,20241029,202924,4
60.0,0.0,47.0,6.0,443.0,63235.0,138.0,6.0,51.0,149.0,60.0,0.0,47.0,6.0,443.0,63235.0,138.0,6.0,51.0,149.0,60.0,0.0,47.0,6.0,443.0,63235.0,140.0,6.0,51.0,149.0,60.0,0.0,47.0,6.0,443.0,63235.0,140.0,6.0,51.0,149.0,60.0,0.0,47.0,6.0,443.0,63235.0,140.0,6.0,51.0,149.0,Normal,20241029,202924,4
60.0,0.0,47.0,6.0,443.0,63235.0,138.0,6.0,51.0,149.0,60.0,0.0,47.0,6.0,443.0,63235.0,140.0,6.0,51.0,149.0,60.0,0.0,47.0,6.0,443.0,63235.0,140.0,6.0,51.0,149.0,60.0,0.0,47.0,6.0,443.0,63235.0,140.0,6.0,51.0,149.0,60.0,0.0,47.0,6.0,443.0,63235.0,140.0,6.0,51.0,149.0,Normal,20241029,202924,4
60.0,0.0,47.0,6.0,443.0,63235.0,140.0,6.0,51.0,149.0,60.0,0.0,47.0,6.0,443.0,63235.0,140.0,6.0,51.0,149.0,60.0,0.0,47.0,6.0,443.0,63235.0,140.0,6.0,51.0,149.0,60.0,0.0,47.0,6.0,443.0,63235.0,140.0,6.0,51.0,149.0,60.0,0.0,47.0,6.0,443.0,63235.0,140.0,6.0,51.0,149.0,Normal,20241029,202924,4
60.0,0.0,47.0,6.0,443.0,63235.0,140.0,6.0,51.0,149.0,60.0,0.0,47.0,6.0,443.0,63235.0,140.0,6.0,51.0,149.0,60.0,0.0,47.0,6.0,443.0,63235.0,140.0,6.0,51.0,149.0,60.0,0.0,47.0,6.0,443.0,63235.0,140.0,6.0,51.0,149.0,60.0,0.0,47.0,6.0,443.0,63235.0,140.0,6.0,51.0,149.0,Normal,20241029,202924,4
60.0,0.0,47.0,6.0,443.0,63235.0,140.0,6.0,51.0,149.0,60.0,0.0,47.0,6.0,443.0,63235.0,140.0,6.0,51.0,149.0,60.0,0.0,47.0,6.0,443.0,63235.0,140.0,6.0,51.0,149.0,60.0,0.0,47.0,6.0,443.0,63235.0,140.0,6.0,51.0,149.0,27480.0,0.0,128.0,6.0,63235.0,443.0,252.0,27426.0,149.0,51.0,Web download,20241029,202924,4
60.0,0.0,47.0,6.0,443.0,63235.0,140.0,6.0,51.0,149.0,60.0,0.0,47.0,6.0,443.0,63235.0,140.0,6.0,51.0,149.0,60.0,0.0,47.0,6.0,443.0,63235.0,140.0,6.0,51.0,149.0,27480.0,0.0,128.0,6.0,63235.0,443.0,252.0,27426.0,149.0,51.0,27480.0,0.0,128.0,6.0,63235.0,443.0,252.0,27426.0,149.0,51.0,Web download,20241029,202924,4
60.0,0.0,47.0,6.0,443.0,63235.0,140.0,6.0,51.0,149.0,60.0,0.0,47.0,6.0,443.0,63235.0,140.0,6.0,51.0,149.0,27480.0,0.0,128.0,6.0,63235.0,443.0,252.0,27426.0,149.0,51.0,27480.0,0.0,128.0,6.0,63235.0,443.0,252.0,27426.0,149.0,51.0,60.0,0.0,47.0,6.0,443.0,63235.0,140.0,6.0,51.0,149.0,Normal,20241029,202924,4
60.0,0.0,47.0,6.0,443.0,63235.0,140.0,6.0,51.0,149.0,27480.0,0.0,128.0,6.0,63235.0,443.0,252.0,27426.0,149.0,51.0,27480.0,0.0,128.0,6.0,63235.0,443.0,252.0,27426.0,149.0,51.0,60.0,0.0,47.0,6.0,443.0,63235.0,140.0,6.0,51.0,149.0,60.0,0.0,47.0,6.0,443.0,63235.0,140.0,6.0,51.0,149.0,Normal,20241029,202924,4
27480.0,0.0,128.0,6.0,63235.0,443.0,252.0,27426.0,149.0,51.0,27480.0,0.0,128.0,6.0,63235.0,443.0,252.0,27426.0,149.0,51.0,60.0,0.0,47.0,6.0,443.0,63235.0,140.0,6.0,51.0,149.0,60.0,0.0,47.0,6.0,443.0,63235.0,140.0,6.0,51.0,149.0,60.0,0.0,47.0,6.0,443.0,63235.0,139.0,6.0,51.0,149.0,Normal,20241029,202924,4
27480.0,0.0,128.0,6.0,63235.0,443.0,252.0,27426.0,149.0,51.0,60.0,0.0,47.0,6.0,443.0,63235.0,140.0,6.0,51.0,149.0,60.0,0.0,47.0,6.0,443.0,63235.0,140.0,6.0,51.0,149.0,60.0,0.0,47.0,6.0,443.0,63235.0,139.0,6.0,51.0,149.0,60.0,0.0,47.0,6.0,443.0,63235.0,139.0,6.0,51.0,149.0,Normal,20241029,202924,4
60.0,0.0,47.0,6.0,443.0,63235.0,140.0,6.0,51.0,149.0,60.0,0.0,47.0,6.0,443.0,63235.0,140.0,6.0,51.0,149.0,60.0,0.0,47.0,6.0,443.0,63235.0,139.0,6.0,51.0,149.0,60.0,0.0,47.0,6.0,443.0,63235.0,139.0,6.0,51.0,149.0,60.0,0.0,47.0,6.0,443.0,63235.0,140.0,6.0,51.0,149.0,Normal,20241029,202924,4
60.0,0.0,47.0,6.0,443.0,63235.0,140.0,6.0,51.0,149.0,60.0,0.0,47.0,6.0,443.0,63235.0,139.0,6.0,51.0,149.0,60.0,0.0,47.0,6.0,443.0,63235.0,139.0,6.0,51.0,149.0,60.0,0.0,47.0,6.0,443.0,63235.0,140.0,6.0,51.0,149.0,60.0,0.0,47.0,6.0,443.0,63235.0,140.0,6.0,51.0,149.0,Normal,20241029,202924,4
60.0,0.0,47.0,6.0,443.0,63235.0,139.0,6.0,51.0,149.0,60.0,0.0,47.0,6.0,443.0,63235.0,139.0,6.0,51.0,149.0,60.0,0.0,47.0,6.0,443.0,63235.0,140.0,6.0,51.0,149.0,60.0,0.0,47.0,6.0,443.0,63235.0,140.0,6.0,51.0,149.0,27472.0,0.0,128.0,6.0,63235.0,443.0,252.0,27418.0,149.0,51.0,Web download,20241029,202924,4
60.0,0.0,47.0,6.0,443.0,63235.0,139.0,6.0,51.0,149.0,60.0,0.0,47.0,6.0,443.0,63235.0,140.0,6.0,51.0,149.0,60.0,0.0,47.0,6.0,443.0,63235.0,140.0,6.0,51.0,149.0,27472.0,0.0,128.0,6.0,63235.0,443.0,252.0,27418.0,149.0,51.0,27472.0,0.0,128.0,6.0,63235.0,443.0,252.0,27418.0,149.0,51.0,Web download,20241029,202924,4
60.0,0.0,47.0,6.0,443.0,63235.0,140.0,6.0,51.0,149.0,60.0,0.0,47.0,6.0,443.0,63235.0,140.0,6.0,51.0,149.0,27472.0,0.0,128.0,6.0,63235.0,443.0,252.0,27418.0,149.0,51.0,27472.0,0.0,128.0,6.0,63235.0,443.0,252.0,27418.0,149.0,51.0,60.0,0.0,47.0,6.0,443.0,63235.0,140.0,6.0,51.0,149.0,Normal,20241029,202924,4
60.0,0.0,47.0,6.0,443.0,63235.0,140.0,6.0,51.0,149.0,27472.0,0.0,128.0,6.0,63235.0,443.0,252.0,27418.0,149.0,51.0,27472.0,0.0,128.0,6.0,63235.0,443.0,252.0,27418.0,149.0,51.0,60.0,0.0,47.0,6.0,443.0,63235.0,140.0,6.0,51.0,149.0,60.0,0.0,47.0,6.0,443.0,63235.0,140.0,6.0,51.0,149.0,Normal,20241029,202924,4
27472.0,0.0,128.0,6.0,63235.0,443.0,252.0,27418.0,149.0,51.0,27472.0,0.0,128.0,6.0,63235.0,443.0,252.0,27418.0,149.0,51.0,60.0,0.0,47.0,6.0,443.0,63235.0,140.0,6.0,51.0,149.0,60.0,0.0,47.0,6.0,443.0,63235.0,140.0,6.0,51.0,149.0,60.0,0.0,47.0,6.0,443.0,63235.0,138.0,6.0,51.0,149.0,Normal,20241029,202924,4
27472.0,0.0,128.0,6.0,63235.0,443.0,252.0,27418.0,149.0,51.0,60.0,0.0,47.0,6.0,443.0,63235.0,140.0,6.0,51.0,149.0,60.0,0.0,47.0,6.0,443.0,63235.0,140.0,6.0,51.0,149.0,60.0,0.0,47.0,6.0,443.0,63235.0,138.0,6.0,51.0,149.0,60.0,0.0,47.0,6.0,443.0,63235.0,138.0,6.0,51.0,149.0,Normal,20241029,202924,4
60.0,0.0,47.0,6.0,443.0,63235.0,140.0,6.0,51.0,149.0,60.0,0.0,47.0,6.0,443.0,63235.0,140.0,6.0,51.0,149.0,60.0,0.0,47.0,6.0,443.0,63235.0,138.0,6.0,51.0,149.0,60.0,0.0,47.0,6.0,443.0,63235.0,138.0,6.0,51.0,149.0,60.0,0.0,47.0,6.0,443.0,63235.0,140.0,6.0,51.0,149.0,Normal,20241029,202924,4
60.0,0.0,47.0,6.0,443.0,63235.0,140.0,6.0,51.0,149.0,60.0,0.0,47.0,6.0,443.0,63235.0,138.0,6.0,51.0,149.0,60.0,0.0,47.0,6.0,443.0,63235.0,138.0,6.0,51.0,149.0,60.0,0.0,47.0,6.0,443.0,63235.0,140.0,6.0,51.0,149.0,60.0,0.0,47.0,6.0,443.0,63235.0,140.0,6.0,51.0,149.0,Normal,20241029,202924,4
60.0,0.0,47.0,6.0,443.0,63235.0,138.0,6.0,51.0,149.0,60.0,0.0,47.0,6.0,443.0,63235.0,138.0,6.0,51.0,149.0,60.0,0.0,47.0,6.0,443.0,63235.0,140.0,6.0,51.0,149.0,60.0,0.0,47.0,6.0,443.0,63235.0,140.0,6.0,51.0,149.0,60.0,0.0,47.0,6.0,443.0,63235.0,140.0,6.0,51.0,149.0,Normal,20241029,202924,4
60.0,0.0,47.0,6.0,443.0,63235.0,138.0,6.0,51.0,149.0,60.0,0.0,47.0,6.0,443.0,63235.0,140.0,6.0,51.0,149.0,60.0,0.0,47.0,6.0,443.0,63235.0,140.0,6.0,51.0,149.0,60.0,0.0,47.0,6.0,443.0,63235.0,140.0,6.0,51.0,149.0,60.0,0.0,47.0,6.0,443.0,63235.0,140.0,6.0,51.0,149.0,Normal,20241029,202924,4
60.0,0.0,47.0,6.0,443.0,63235.0,140.0,6.0,51.0,149.0,60.0,0.0,47.0,6.0,443.0,63235.0,140.0,6.0,51.0,149.0,60.0,0.0,47.0,6.0,443.0,63235.0,140.0,6.0,51.0,149.0,60.0,0.0,47.0,6.0,443.0,63235.0,140.0,6.0,51.0,149.0,60.0,0.0,47.0,6.0,443.0,63235.0,141.0,6.0,51.0,149.0,Normal,20241029,202924,4
60.0,0.0,47.0,6.0,443.0,63235.0,140.0,6.0,51.0,149.0,60.0,0.0,47.0,6.0,443.0,63235.0,140.0,6.0,51.0,149.0,60.0,0.0,47.0,6.0,443.0,63235.0,140.0,6.0,51.0,149.0,60.0,0.0,47.0,6.0,443.0,63235.0,141.0,6.0,51.0,149.0,60.0,0.0,47.0,6.0,443.0,63235.0,141.0,6.0,51.0,149.0,Normal,20241029,202924,4
60.0,0.0,47.0,6.0,443.0,63235.0,140.0,6.0,51.0,149.0,60.0,0.0,47.0,6.0,443.0,63235.0,140.0,6.0,51.0,149.0,60.0,0.0,47.0,6.0,443.0,63235.0,141.0,6.0,51.0,149.0,60.0,0.0,47.0,6.0,443.0,63235.0,141.0,6.0,51.0,149.0,27475.0,0.0,128.0,6.0,63235.0,443.0,252.0,27421.0,149.0,51.0,Web download,20241029,202924,4
60.0,0.0,47.0,6.0,443.0,63235.0,140.0,6.0,51.0,149.0,60.0,0.0,47.0,6.0,443.0,63235.0,141.0,6.0,51.0,149.0,60.0,0.0,47.0,6.0,443.0,63235.0,141.0,6.0,51.0,149.0,27475.0,0.0,128.0,6.0,63235.0,443.0,252.0,27421.0,149.0,51.0,27475.0,0.0,128.0,6.0,63235.0,443.0,252.0,27421.0,149.0,51.0,Web download,20241029,202924,4
60.0,0.0,47.0,6.0,443.0,63235.0,141.0,6.0,51.0,149.0,60.0,0.0,47.0,6.0,443.0,63235.0,141.0,6.0,51.0,149.0,27475.0,0.0,128.0,6.0,63235.0,443.0,252.0,27421.0,149.0,51.0,27475.0,0.0,128.0,6.0,63235.0,443.0,252.0,27421.0,149.0,51.0,0.0,0.0,0.0,0.0,0.0,0.0,0.0,0.0,0.0,0.0,Normal,20241029,202924,4
60.0,0.0,47.0,6.0,443.0,63235.0,141.0,6.0,51.0,149.0,27475.0,0.0,128.0,6.0,63235.0,443.0,252.0,27421.0,149.0,51.0,27475.0,0.0,128.0,6.0,63235.0,443.0,252.0,27421.0,149.0,51.0,0.0,0.0,0.0,0.0,0.0,0.0,0.0,0.0,0.0,0.0,0.0,0.0,0.0,0.0,0.0,0.0,0.0,0.0,0.0,0.0,Normal,20241029,202924,4
27475.0,0.0,128.0,6.0,63235.0,443.0,252.0,27421.0,149.0,51.0,27475.0,0.0,128.0,6.0,63235.0,443.0,252.0,27421.0,149.0,51.0,0.0,0.0,0.0,0.0,0.0,0.0,0.0,0.0,0.0,0.0,0.0,0.0,0.0,0.0,0.0,0.0,0.0,0.0,0.0,0.0,60.0,0.0,47.0,6.0,443.0,63235.0,139.0,6.0,51.0,149.0,Normal,20241029,202924,4
27475.0,0.0,128.0,6.0,63235.0,443.0,252.0,27421.0,149.0,51.0,0.0,0.0,0.0,0.0,0.0,0.0,0.0,0.0,0.0,0.0,0.0,0.0,0.0,0.0,0.0,0.0,0.0,0.0,0.0,0.0,60.0,0.0,47.0,6.0,443.0,63235.0,139.0,6.0,51.0,149.0,60.0,0.0,47.0,6.0,443.0,63235.0,139.0,6.0,51.0,149.0,Normal,20241029,202924,4
0.0,0.0,0.0,0.0,0.0,0.0,0.0,0.0,0.0,0.0,0.0,0.0,0.0,0.0,0.0,0.0,0.0,0.0,0.0,0.0,60.0,0.0,47.0,6.0,443.0,63235.0,139.0,6.0,51.0,149.0,60.0,0.0,47.0,6.0,443.0,63235.0,139.0,6.0,51.0,149.0,60.0,0.0,47.0,6.0,443.0,63235.0,140.0,6.0,51.0,149.0,Normal,20241029,202924,4
0.0,0.0,0.0,0.0,0.0,0.0,0.0,0.0,0.0,0.0,60.0,0.0,47.0,6.0,443.0,63235.0,139.0,6.0,51.0,149.0,60.0,0.0,47.0,6.0,443.0,63235.0,139.0,6.0,51.0,149.0,60.0,0.0,47.0,6.0,443.0,63235.0,140.0,6.0,51.0,149.0,60.0,0.0,47.0,6.0,443.0,63235.0,140.0,6.0,51.0,149.0,Normal,20241029,202924,4
60.0,0.0,47.0,6.0,443.0,63235.0,139.0,6.0,51.0,149.0,60.0,0.0,47.0,6.0,443.0,63235.0,139.0,6.0,51.0,149.0,60.0,0.0,47.0,6.0,443.0,63235.0,140.0,6.0,51.0,149.0,60.0,0.0,47.0,6.0,443.0,63235.0,140.0,6.0,51.0,149.0,60.0,0.0,47.0,6.0,443.0,63235.0,140.0,6.0,51.0,149.0,Normal,20241029,202924,4
60.0,0.0,47.0,6.0,443.0,63235.0,139.0,6.0,51.0,149.0,60.0,0.0,47.0,6.0,443.0,63235.0,140.0,6.0,51.0,149.0,60.0,0.0,47.0,6.0,443.0,63235.0,140.0,6.0,51.0,149.0,60.0,0.0,47.0,6.0,443.0,63235.0,140.0,6.0,51.0,149.0,60.0,0.0,47.0,6.0,443.0,63235.0,140.0,6.0,51.0,149.0,Normal,20241029,202924,4
60.0,0.0,47.0,6.0,443.0,63235.0,140.0,6.0,51.0,149.0,60.0,0.0,47.0,6.0,443.0,63235.0,140.0,6.0,51.0,149.0,60.0,0.0,47.0,6.0,443.0,63235.0,140.0,6.0,51.0,149.0,60.0,0.0,47.0,6.0,443.0,63235.0,140.0,6.0,51.0,149.0,60.0,0.0,47.0,6.0,443.0,63235.0,139.0,6.0,51.0,149.0,Normal,20241029,202924,4
60.0,0.0,47.0,6.0,443.0,63235.0,140.0,6.0,51.0,149.0,60.0,0.0,47.0,6.0,443.0,63235.0,140.0,6.0,51.0,149.0,60.0,0.0,47.0,6.0,443.0,63235.0,140.0,6.0,51.0,149.0,60.0,0.0,47.0,6.0,443.0,63235.0,139.0,6.0,51.0,149.0,60.0,0.0,47.0,6.0,443.0,63235.0,139.0,6.0,51.0,149.0,Normal,20241029,202924,4
60.0,0.0,47.0,6.0,443.0,63235.0,140.0,6.0,51.0,149.0,60.0,0.0,47.0,6.0,443.0,63235.0,140.0,6.0,51.0,149.0,60.0,0.0,47.0,6.0,443.0,63235.0,139.0,6.0,51.0,149.0,60.0,0.0,47.0,6.0,443.0,63235.0,139.0,6.0,51.0,149.0,60.0,0.0,47.0,6.0,443.0,63235.0,140.0,6.0,51.0,149.0,Normal,20241029,202924,4
60.0,0.0,47.0,6.0,443.0,63235.0,140.0,6.0,51.0,149.0,60.0,0.0,47.0,6.0,443.0,63235.0,139.0,6.0,51.0,149.0,60.0,0.0,47.0,6.0,443.0,63235.0,139.0,6.0,51.0,149.0,60.0,0.0,47.0,6.0,443.0,63235.0,140.0,6.0,51.0,149.0,60.0,0.0,47.0,6.0,443.0,63235.0,140.0,6.0,51.0,149.0,Normal,20241029,202924,4
60.0,0.0,47.0,6.0,443.0,63235.0,139.0,6.0,51.0,149.0,60.0,0.0,47.0,6.0,443.0,63235.0,139.0,6.0,51.0,149.0,60.0,0.0,47.0,6.0,443.0,63235.0,140.0,6.0,51.0,149.0,60.0,0.0,47.0,6.0,443.0,63235.0,140.0,6.0,51.0,149.0,27500.0,0.0,128.0,6.0,63235.0,443.0,252.0,27446.0,149.0,51.0,Web download,20241029,202924,4
60.0,0.0,47.0,6.0,443.0,63235.0,139.0,6.0,51.0,149.0,60.0,0.0,47.0,6.0,443.0,63235.0,140.0,6.0,51.0,149.0,60.0,0.0,47.0,6.0,443.0,63235.0,140.0,6.0,51.0,149.0,27500.0,0.0,128.0,6.0,63235.0,443.0,252.0,27446.0,149.0,51.0,27500.0,0.0,128.0,6.0,63235.0,443.0,252.0,27446.0,149.0,51.0,Web download,20241029,202924,4
60.0,0.0,47.0,6.0,443.0,63235.0,140.0,6.0,51.0,149.0,60.0,0.0,47.0,6.0,443.0,63235.0,140.0,6.0,51.0,149.0,27500.0,0.0,128.0,6.0,63235.0,443.0,252.0,27446.0,149.0,51.0,27500.0,0.0,128.0,6.0,63235.0,443.0,252.0,27446.0,149.0,51.0,60.0,0.0,47.0,6.0,443.0,63235.0,140.0,6.0,51.0,149.0,Normal,20241029,202924,4
60.0,0.0,47.0,6.0,443.0,63235.0,140.0,6.0,51.0,149.0,27500.0,0.0,128.0,6.0,63235.0,443.0,252.0,27446.0,149.0,51.0,27500.0,0.0,128.0,6.0,63235.0,443.0,252.0,27446.0,149.0,51.0,60.0,0.0,47.0,6.0,443.0,63235.0,140.0,6.0,51.0,149.0,60.0,0.0,47.0,6.0,443.0,63235.0,140.0,6.0,51.0,149.0,Normal,20241029,202924,4
27500.0,0.0,128.0,6.0,63235.0,443.0,252.0,27446.0,149.0,51.0,27500.0,0.0,128.0,6.0,63235.0,443.0,252.0,27446.0,149.0,51.0,60.0,0.0,47.0,6.0,443.0,63235.0,140.0,6.0,51.0,149.0,60.0,0.0,47.0,6.0,443.0,63235.0,140.0,6.0,51.0,149.0,60.0,0.0,47.0,6.0,443.0,63235.0,140.0,6.0,51.0,149.0,Normal,20241029,202924,4
27500.0,0.0,128.0,6.0,63235.0,443.0,252.0,27446.0,149.0,51.0,60.0,0.0,47.0,6.0,443.0,63235.0,140.0,6.0,51.0,149.0,60.0,0.0,47.0,6.0,443.0,63235.0,140.0,6.0,51.0,149.0,60.0,0.0,47.0,6.0,443.0,63235.0,140.0,6.0,51.0,149.0,60.0,0.0,47.0,6.0,443.0,63235.0,140.0,6.0,51.0,149.0,Normal,20241029,202924,4
60.0,0.0,47.0,6.0,443.0,63235.0,140.0,6.0,51.0,149.0,60.0,0.0,47.0,6.0,443.0,63235.0,140.0,6.0,51.0,149.0,60.0,0.0,47.0,6.0,443.0,63235.0,140.0,6.0,51.0,149.0,60.0,0.0,47.0,6.0,443.0,63235.0,140.0,6.0,51.0,149.0,60.0,0.0,47.0,6.0,443.0,63235.0,139.0,6.0,51.0,149.0,Normal,20241029,202924,4
60.0,0.0,47.0,6.0,443.0,63235.0,140.0,6.0,51.0,149.0,60.0,0.0,47.0,6.0,443.0,63235.0,140.0,6.0,51.0,149.0,60.0,0.0,47.0,6.0,443.0,63235.0,140.0,6.0,51.0,149.0,60.0,0.0,47.0,6.0,443.0,63235.0,139.0,6.0,51.0,149.0,60.0,0.0,47.0,6.0,443.0,63235.0,139.0,6.0,51.0,149.0,Normal,20241029,202924,4
60.0,0.0,47.0,6.0,443.0,63235.0,140.0,6.0,51.0,149.0,60.0,0.0,47.0,6.0,443.0,63235.0,140.0,6.0,51.0,149.0,60.0,0.0,47.0,6.0,443.0,63235.0,139.0,6.0,51.0,149.0,60.0,0.0,47.0,6.0,443.0,63235.0,139.0,6.0,51.0,149.0,60.0,0.0,47.0,6.0,443.0,63235.0,140.0,6.0,51.0,149.0,Normal,20241029,202924,4
60.0,0.0,47.0,6.0,443.0,63235.0,140.0,6.0,51.0,149.0,60.0,0.0,47.0,6.0,443.0,63235.0,139.0,6.0,51.0,149.0,60.0,0.0,47.0,6.0,443.0,63235.0,139.0,6.0,51.0,149.0,60.0,0.0,47.0,6.0,443.0,63235.0,140.0,6.0,51.0,149.0,60.0,0.0,47.0,6.0,443.0,63235.0,140.0,6.0,51.0,149.0,Normal,20241029,202924,4
60.0,0.0,47.0,6.0,443.0,63235.0,139.0,6.0,51.0,149.0,60.0,0.0,47.0,6.0,443.0,63235.0,139.0,6.0,51.0,149.0,60.0,0.0,47.0,6.0,443.0,63235.0,140.0,6.0,51.0,149.0,60.0,0.0,47.0,6.0,443.0,63235.0,140.0,6.0,51.0,149.0,60.0,0.0,47.0,6.0,443.0,63235.0,140.0,6.0,51.0,149.0,Normal,20241029,202924,4
60.0,0.0,47.0,6.0,443.0,63235.0,139.0,6.0,51.0,149.0,60.0,0.0,47.0,6.0,443.0,63235.0,140.0,6.0,51.0,149.0,60.0,0.0,47.0,6.0,443.0,63235.0,140.0,6.0,51.0,149.0,60.0,0.0,47.0,6.0,443.0,63235.0,140.0,6.0,51.0,149.0,60.0,0.0,47.0,6.0,443.0,63235.0,140.0,6.0,51.0,149.0,Normal,20241029,202924,4
60.0,0.0,47.0,6.0,443.0,63235.0,140.0,6.0,51.0,149.0,60.0,0.0,47.0,6.0,443.0,63235.0,140.0,6.0,51.0,149.0,60.0,0.0,47.0,6.0,443.0,63235.0,140.0,6.0,51.0,149.0,60.0,0.0,47.0,6.0,443.0,63235.0,140.0,6.0,51.0,149.0,60.0,0.0,47.0,6.0,443.0,63235.0,140.0,6.0,51.0,149.0,Normal,20241029,202924,4
60.0,0.0,47.0,6.0,443.0,63235.0,140.0,6.0,51.0,149.0,60.0,0.0,47.0,6.0,443.0,63235.0,140.0,6.0,51.0,149.0,60.0,0.0,47.0,6.0,443.0,63235.0,140.0,6.0,51.0,149.0,60.0,0.0,47.0,6.0,443.0,63235.0,140.0,6.0,51.0,149.0,60.0,0.0,47.0,6.0,443.0,63235.0,140.0,6.0,51.0,149.0,Normal,20241029,202924,4
60.0,0.0,47.0,6.0,443.0,63235.0,140.0,6.0,51.0,149.0,60.0,0.0,47.0,6.0,443.0,63235.0,140.0,6.0,51.0,149.0,60.0,0.0,47.0,6.0,443.0,63235.0,140.0,6.0,51.0,149.0,60.0,0.0,47.0,6.0,443.0,63235.0,140.0,6.0,51.0,149.0,60.0,0.0,47.0,6.0,443.0,63235.0,141.0,6.0,51.0,149.0,Normal,20241029,202924,4
60.0,0.0,47.0,6.0,443.0,63235.0,140.0,6.0,51.0,149.0,60.0,0.0,47.0,6.0,443.0,63235.0,140.0,6.0,51.0,149.0,60.0,0.0,47.0,6.0,443.0,63235.0,140.0,6.0,51.0,149.0,60.0,0.0,47.0,6.0,443.0,63235.0,141.0,6.0,51.0,149.0,60.0,0.0,47.0,6.0,443.0,63235.0,141.0,6.0,51.0,149.0,Normal,20241029,202924,4
60.0,0.0,47.0,6.0,443.0,63235.0,140.0,6.0,51.0,149.0,60.0,0.0,47.0,6.0,443.0,63235.0,140.0,6.0,51.0,149.0,60.0,0.0,47.0,6.0,443.0,63235.0,141.0,6.0,51.0,149.0,60.0,0.0,47.0,6.0,443.0,63235.0,141.0,6.0,51.0,149.0,6228.0,0.0,128.0,6.0,63235.0,443.0,252.0,6174.0,149.0,51.0,Web download,20241029,202924,4
60.0,0.0,47.0,6.0,443.0,63235.0,140.0,6.0,51.0,149.0,60.0,0.0,47.0,6.0,443.0,63235.0,141.0,6.0,51.0,149.0,60.0,0.0,47.0,6.0,443.0,63235.0,141.0,6.0,51.0,149.0,6228.0,0.0,128.0,6.0,63235.0,443.0,252.0,6174.0,149.0,51.0,6228.0,0.0,128.0,6.0,63235.0,443.0,252.0,6174.0,149.0,51.0,Web download,20241029,202924,4
60.0,0.0,47.0,6.0,443.0,63235.0,141.0,6.0,51.0,149.0,60.0,0.0,47.0,6.0,443.0,63235.0,141.0,6.0,51.0,149.0,6228.0,0.0,128.0,6.0,63235.0,443.0,252.0,6174.0,149.0,51.0,6228.0,0.0,128.0,6.0,63235.0,443.0,252.0,6174.0,149.0,51.0,85.0,0.0,64.0,17.0,52263.0,5775.0,0.0,43.0,192.0,255.0,Normal,20241029,202924,4
60.0,0.0,47.0,6.0,443.0,63235.0,141.0,6.0,51.0,149.0,6228.0,0.0,128.0,6.0,63235.0,443.0,252.0,6174.0,149.0,51.0,6228.0,0.0,128.0,6.0,63235.0,443.0,252.0,6174.0,149.0,51.0,85.0,0.0,64.0,17.0,52263.0,5775.0,0.0,43.0,192.0,255.0,85.0,0.0,64.0,17.0,52263.0,5775.0,0.0,43.0,192.0,255.0,Normal,20241029,202924,4
6228.0,0.0,128.0,6.0,63235.0,443.0,252.0,6174.0,149.0,51.0,6228.0,0.0,128.0,6.0,63235.0,443.0,252.0,6174.0,149.0,51.0,85.0,0.0,64.0,17.0,52263.0,5775.0,0.0,43.0,192.0,255.0,85.0,0.0,64.0,17.0,52263.0,5775.0,0.0,43.0,192.0,255.0,60.0,0.0,47.0,6.0,443.0,63235.0,140.0,6.0,51.0,149.0,Normal,20241029,202924,4
6228.0,0.0,128.0,6.0,63235.0,443.0,252.0,6174.0,149.0,51.0,85.0,0.0,64.0,17.0,52263.0,5775.0,0.0,43.0,192.0,255.0,85.0,0.0,64.0,17.0,52263.0,5775.0,0.0,43.0,192.0,255.0,60.0,0.0,47.0,6.0,443.0,63235.0,140.0,6.0,51.0,149.0,60.0,0.0,47.0,6.0,443.0,63235.0,140.0,6.0,51.0,149.0,Normal,20241029,202924,4
85.0,0.0,64.0,17.0,52263.0,5775.0,0.0,43.0,192.0,255.0,85.0,0.0,64.0,17.0,52263.0,5775.0,0.0,43.0,192.0,255.0,60.0,0.0,47.0,6.0,443.0,63235.0,140.0,6.0,51.0,149.0,60.0,0.0,47.0,6.0,443.0,63235.0,140.0,6.0,51.0,149.0,60.0,0.0,47.0,6.0,443.0,63235.0,139.0,6.0,51.0,149.0,Normal,20241029,202924,4
85.0,0.0,64.0,17.0,52263.0,5775.0,0.0,43.0,192.0,255.0,60.0,0.0,47.0,6.0,443.0,63235.0,140.0,6.0,51.0,149.0,60.0,0.0,47.0,6.0,443.0,63235.0,140.0,6.0,51.0,149.0,60.0,0.0,47.0,6.0,443.0,63235.0,139.0,6.0,51.0,149.0,60.0,0.0,47.0,6.0,443.0,63235.0,139.0,6.0,51.0,149.0,Normal,20241029,202924,4
60.0,0.0,47.0,6.0,443.0,63235.0,140.0,6.0,51.0,149.0,60.0,0.0,47.0,6.0,443.0,63235.0,140.0,6.0,51.0,149.0,60.0,0.0,47.0,6.0,443.0,63235.0,139.0,6.0,51.0,149.0,60.0,0.0,47.0,6.0,443.0,63235.0,139.0,6.0,51.0,149.0,60.0,0.0,47.0,6.0,443.0,63235.0,140.0,6.0,51.0,149.0,Normal,20241029,202924,4
60.0,0.0,47.0,6.0,443.0,63235.0,140.0,6.0,51.0,149.0,60.0,0.0,47.0,6.0,443.0,63235.0,139.0,6.0,51.0,149.0,60.0,0.0,47.0,6.0,443.0,63235.0,139.0,6.0,51.0,149.0,60.0,0.0,47.0,6.0,443.0,63235.0,140.0,6.0,51.0,149.0,60.0,0.0,47.0,6.0,443.0,63235.0,140.0,6.0,51.0,149.0,Normal,20241029,202924,4
60.0,0.0,47.0,6.0,443.0,63235.0,139.0,6.0,51.0,149.0,60.0,0.0,47.0,6.0,443.0,63235.0,139.0,6.0,51.0,149.0,60.0,0.0,47.0,6.0,443.0,63235.0,140.0,6.0,51.0,149.0,60.0,0.0,47.0,6.0,443.0,63235.0,140.0,6.0,51.0,149.0,60.0,0.0,47.0,6.0,443.0,63235.0,140.0,6.0,51.0,149.0,Normal,20241029,202924,4
60.0,0.0,47.0,6.0,443.0,63235.0,139.0,6.0,51.0,149.0,60.0,0.0,47.0,6.0,443.0,63235.0,140.0,6.0,51.0,149.0,60.0,0.0,47.0,6.0,443.0,63235.0,140.0,6.0,51.0,149.0,60.0,0.0,47.0,6.0,443.0,63235.0,140.0,6.0,51.0,149.0,60.0,0.0,47.0,6.0,443.0,63235.0,140.0,6.0,51.0,149.0,Normal,20241029,202924,4
60.0,0.0,47.0,6.0,443.0,63235.0,140.0,6.0,51.0,149.0,60.0,0.0,47.0,6.0,443.0,63235.0,140.0,6.0,51.0,149.0,60.0,0.0,47.0,6.0,443.0,63235.0,140.0,6.0,51.0,149.0,60.0,0.0,47.0,6.0,443.0,63235.0,140.0,6.0,51.0,149.0,60.0,0.0,47.0,6.0,443.0,63235.0,140.0,6.0,51.0,149.0,Normal,20241029,202924,4
60.0,0.0,47.0,6.0,443.0,63235.0,140.0,6.0,51.0,149.0,60.0,0.0,47.0,6.0,443.0,63235.0,140.0,6.0,51.0,149.0,60.0,0.0,47.0,6.0,443.0,63235.0,140.0,6.0,51.0,149.0,60.0,0.0,47.0,6.0,443.0,63235.0,140.0,6.0,51.0,149.0,60.0,0.0,47.0,6.0,443.0,63235.0,140.0,6.0,51.0,149.0,Normal,20241029,202924,4
60.0,0.0,47.0,6.0,443.0,63235.0,140.0,6.0,51.0,149.0,60.0,0.0,47.0,6.0,443.0,63235.0,140.0,6.0,51.0,149.0,60.0,0.0,47.0,6.0,443.0,63235.0,140.0,6.0,51.0,149.0,60.0,0.0,47.0,6.0,443.0,63235.0,140.0,6.0,51.0,149.0,60.0,0.0,47.0,6.0,443.0,63235.0,141.0,6.0,51.0,149.0,Normal,20241029,202924,4
60.0,0.0,47.0,6.0,443.0,63235.0,140.0,6.0,51.0,149.0,60.0,0.0,47.0,6.0,443.0,63235.0,140.0,6.0,51.0,149.0,60.0,0.0,47.0,6.0,443.0,63235.0,140.0,6.0,51.0,149.0,60.0,0.0,47.0,6.0,443.0,63235.0,141.0,6.0,51.0,149.0,60.0,0.0,47.0,6.0,443.0,63235.0,141.0,6.0,51.0,149.0,Normal,20241029,202924,4
60.0,0.0,47.0,6.0,443.0,63235.0,140.0,6.0,51.0,149.0,60.0,0.0,47.0,6.0,443.0,63235.0,140.0,6.0,51.0,149.0,60.0,0.0,47.0,6.0,443.0,63235.0,141.0,6.0,51.0,149.0,60.0,0.0,47.0,6.0,443.0,63235.0,141.0,6.0,51.0,149.0,60.0,0.0,47.0,6.0,443.0,63235.0,140.0,6.0,51.0,149.0,Normal,20241029,202924,4
60.0,0.0,47.0,6.0,443.0,63235.0,140.0,6.0,51.0,149.0,60.0,0.0,47.0,6.0,443.0,63235.0,141.0,6.0,51.0,149.0,60.0,0.0,47.0,6.0,443.0,63235.0,141.0,6.0,51.0,149.0,60.0,0.0,47.0,6.0,443.0,63235.0,140.0,6.0,51.0,149.0,60.0,0.0,47.0,6.0,443.0,63235.0,140.0,6.0,51.0,149.0,Normal,20241029,202924,4
60.0,0.0,47.0,6.0,443.0,63235.0,141.0,6.0,51.0,149.0,60.0,0.0,47.0,6.0,443.0,63235.0,141.0,6.0,51.0,149.0,60.0,0.0,47.0,6.0,443.0,63235.0,140.0,6.0,51.0,149.0,60.0,0.0,47.0,6.0,443.0,63235.0,140.0,6.0,51.0,149.0,60.0,0.0,47.0,6.0,443.0,63235.0,141.0,6.0,51.0,149.0,Normal,20241029,202924,4
60.0,0.0,47.0,6.0,443.0,63235.0,141.0,6.0,51.0,149.0,60.0,0.0,47.0,6.0,443.0,63235.0,140.0,6.0,51.0,149.0,60.0,0.0,47.0,6.0,443.0,63235.0,140.0,6.0,51.0,149.0,60.0,0.0,47.0,6.0,443.0,63235.0,141.0,6.0,51.0,149.0,60.0,0.0,47.0,6.0,443.0,63235.0,141.0,6.0,51.0,149.0,Normal,20241029,202924,4
60.0,0.0,47.0,6.0,443.0,63235.0,140.0,6.0,51.0,149.0,60.0,0.0,47.0,6.0,443.0,63235.0,140.0,6.0,51.0,149.0,60.0,0.0,47.0,6.0,443.0,63235.0,141.0,6.0,51.0,149.0,60.0,0.0,47.0,6.0,443.0,63235.0,141.0,6.0,51.0,149.0,95.0,0.0,128.0,6.0,63235.0,443.0,252.0,41.0,149.0,51.0,Web download,20241029,202924,4
60.0,0.0,47.0,6.0,443.0,63235.0,140.0,6.0,51.0,149.0,60.0,0.0,47.0,6.0,443.0,63235.0,141.0,6.0,51.0,149.0,60.0,0.0,47.0,6.0,443.0,63235.0,141.0,6.0,51.0,149.0,95.0,0.0,128.0,6.0,63235.0,443.0,252.0,41.0,149.0,51.0,95.0,0.0,128.0,6.0,63235.0,443.0,252.0,41.0,149.0,51.0,Web download,20241029,202924,4
60.0,0.0,47.0,6.0,443.0,63235.0,141.0,6.0,51.0,149.0,60.0,0.0,47.0,6.0,443.0,63235.0,141.0,6.0,51.0,149.0,95.0,0.0,128.0,6.0,63235.0,443.0,252.0,41.0,149.0,51.0,95.0,0.0,128.0,6.0,63235.0,443.0,252.0,41.0,149.0,51.0,125.0,0.0,128.0,6.0,63235.0,443.0,252.0,71.0,149.0,51.0,Web download,20241029,202924,4
60.0,0.0,47.0,6.0,443.0,63235.0,141.0,6.0,51.0,149.0,95.0,0.0,128.0,6.0,63235.0,443.0,252.0,41.0,149.0,51.0,95.0,0.0,128.0,6.0,63235.0,443.0,252.0,41.0,149.0,51.0,125.0,0.0,128.0,6.0,63235.0,443.0,252.0,71.0,149.0,51.0,125.0,0.0,128.0,6.0,63235.0,443.0,252.0,71.0,149.0,51.0,Web download,20241029,202924,4
95.0,0.0,128.0,6.0,63235.0,443.0,252.0,41.0,149.0,51.0,95.0,0.0,128.0,6.0,63235.0,443.0,252.0,41.0,149.0,51.0,125.0,0.0,128.0,6.0,63235.0,443.0,252.0,71.0,149.0,51.0,125.0,0.0,128.0,6.0,63235.0,443.0,252.0,71.0,149.0,51.0,95.0,0.0,128.0,6.0,63235.0,443.0,252.0,41.0,149.0,51.0,Web download,20241029,202924,4
95.0,0.0,128.0,6.0,63235.0,443.0,252.0,41.0,149.0,51.0,125.0,0.0,128.0,6.0,63235.0,443.0,252.0,71.0,149.0,51.0,125.0,0.0,128.0,6.0,63235.0,443.0,252.0,71.0,149.0,51.0,95.0,0.0,128.0,6.0,63235.0,443.0,252.0,41.0,149.0,51.0,95.0,0.0,128.0,6.0,63235.0,443.0,252.0,41.0,149.0,51.0,Web download,20241029,202924,4
125.0,0.0,128.0,6.0,63235.0,443.0,252.0,71.0,149.0,51.0,125.0,0.0,128.0,6.0,63235.0,443.0,252.0,71.0,149.0,51.0,95.0,0.0,128.0,6.0,63235.0,443.0,252.0,41.0,149.0,51.0,95.0,0.0,128.0,6.0,63235.0,443.0,252.0,41.0,149.0,51.0,60.0,0.0,47.0,6.0,443.0,63235.0,141.0,6.0,51.0,149.0,Normal,20241029,202924,4
125.0,0.0,128.0,6.0,63235.0,443.0,252.0,71.0,149.0,51.0,95.0,0.0,128.0,6.0,63235.0,443.0,252.0,41.0,149.0,51.0,95.0,0.0,128.0,6.0,63235.0,443.0,252.0,41.0,149.0,51.0,60.0,0.0,47.0,6.0,443.0,63235.0,141.0,6.0,51.0,149.0,60.0,0.0,47.0,6.0,443.0,63235.0,141.0,6.0,51.0,149.0,Normal,20241029,202924,4
95.0,0.0,128.0,6.0,63235.0,443.0,252.0,41.0,149.0,51.0,95.0,0.0,128.0,6.0,63235.0,443.0,252.0,41.0,149.0,51.0,60.0,0.0,47.0,6.0,443.0,63235.0,141.0,6.0,51.0,149.0,60.0,0.0,47.0,6.0,443.0,63235.0,141.0,6.0,51.0,149.0,60.0,0.0,47.0,6.0,443.0,63235.0,141.0,6.0,51.0,149.0,Normal,20241029,202924,4
95.0,0.0,128.0,6.0,63235.0,443.0,252.0,41.0,149.0,51.0,60.0,0.0,47.0,6.0,443.0,63235.0,141.0,6.0,51.0,149.0,60.0,0.0,47.0,6.0,443.0,63235.0,141.0,6.0,51.0,149.0,60.0,0.0,47.0,6.0,443.0,63235.0,141.0,6.0,51.0,149.0,60.0,0.0,47.0,6.0,443.0,63235.0,141.0,6.0,51.0,149.0,Normal,20241029,202924,4
60.0,0.0,47.0,6.0,443.0,63235.0,141.0,6.0,51.0,149.0,60.0,0.0,47.0,6.0,443.0,63235.0,141.0,6.0,51.0,149.0,60.0,0.0,47.0,6.0,443.0,63235.0,141.0,6.0,51.0,149.0,60.0,0.0,47.0,6.0,443.0,63235.0,141.0,6.0,51.0,149.0,60.0,0.0,47.0,6.0,443.0,63235.0,141.0,6.0,51.0,149.0,Normal,20241029,202924,4
60.0,0.0,47.0,6.0,443.0,63235.0,141.0,6.0,51.0,149.0,60.0,0.0,47.0,6.0,443.0,63235.0,141.0,6.0,51.0,149.0,60.0,0.0,47.0,6.0,443.0,63235.0,141.0,6.0,51.0,149.0,60.0,0.0,47.0,6.0,443.0,63235.0,141.0,6.0,51.0,149.0,60.0,0.0,47.0,6.0,443.0,63235.0,141.0,6.0,51.0,149.0,Normal,20241029,202924,4
60.0,0.0,47.0,6.0,443.0,63235.0,141.0,6.0,51.0,149.0,60.0,0.0,47.0,6.0,443.0,63235.0,141.0,6.0,51.0,149.0,60.0,0.0,47.0,6.0,443.0,63235.0,141.0,6.0,51.0,149.0,60.0,0.0,47.0,6.0,443.0,63235.0,141.0,6.0,51.0,149.0,95.0,0.0,128.0,6.0,63235.0,443.0,252.0,41.0,149.0,51.0,Web download,20241029,202924,4
60.0,0.0,47.0,6.0,443.0,63235.0,141.0,6.0,51.0,149.0,60.0,0.0,47.0,6.0,443.0,63235.0,141.0,6.0,51.0,149.0,60.0,0.0,47.0,6.0,443.0,63235.0,141.0,6.0,51.0,149.0,95.0,0.0,128.0,6.0,63235.0,443.0,252.0,41.0,149.0,51.0,95.0,0.0,128.0,6.0,63235.0,443.0,252.0,41.0,149.0,51.0,Web download,20241029,202924,4
60.0,0.0,47.0,6.0,443.0,63235.0,141.0,6.0,51.0,149.0,60.0,0.0,47.0,6.0,443.0,63235.0,141.0,6.0,51.0,149.0,95.0,0.0,128.0,6.0,63235.0,443.0,252.0,41.0,149.0,51.0,95.0,0.0,128.0,6.0,63235.0,443.0,252.0,41.0,149.0,51.0,95.0,0.0,128.0,6.0,63235.0,443.0,252.0,41.0,149.0,51.0,Web download,20241029,202924,4
60.0,0.0,47.0,6.0,443.0,63235.0,141.0,6.0,51.0,149.0,95.0,0.0,128.0,6.0,63235.0,443.0,252.0,41.0,149.0,51.0,95.0,0.0,128.0,6.0,63235.0,443.0,252.0,41.0,149.0,51.0,95.0,0.0,128.0,6.0,63235.0,443.0,252.0,41.0,149.0,51.0,95.0,0.0,128.0,6.0,63235.0,443.0,252.0,41.0,149.0,51.0,Web download,20241029,202924,4
95.0,0.0,128.0,6.0,63235.0,443.0,252.0,41.0,149.0,51.0,95.0,0.0,128.0,6.0,63235.0,443.0,252.0,41.0,149.0,51.0,95.0,0.0,128.0,6.0,63235.0,443.0,252.0,41.0,149.0,51.0,95.0,0.0,128.0,6.0,63235.0,443.0,252.0,41.0,149.0,51.0,60.0,0.0,47.0,6.0,443.0,63235.0,141.0,6.0,51.0,149.0,Normal,20241029,202924,4
95.0,0.0,128.0,6.0,63235.0,443.0,252.0,41.0,149.0,51.0,95.0,0.0,128.0,6.0,63235.0,443.0,252.0,41.0,149.0,51.0,95.0,0.0,128.0,6.0,63235.0,443.0,252.0,41.0,149.0,51.0,60.0,0.0,47.0,6.0,443.0,63235.0,141.0,6.0,51.0,149.0,60.0,0.0,47.0,6.0,443.0,63235.0,141.0,6.0,51.0,149.0,Normal,20241029,202924,4
95.0,0.0,128.0,6.0,63235.0,443.0,252.0,41.0,149.0,51.0,95.0,0.0,128.0,6.0,63235.0,443.0,252.0,41.0,149.0,51.0,60.0,0.0,47.0,6.0,443.0,63235.0,141.0,6.0,51.0,149.0,60.0,0.0,47.0,6.0,443.0,63235.0,141.0,6.0,51.0,149.0,60.0,0.0,47.0,6.0,443.0,63235.0,141.0,6.0,51.0,149.0,Normal,20241029,202924,4
95.0,0.0,128.0,6.0,63235.0,443.0,252.0,41.0,149.0,51.0,60.0,0.0,47.0,6.0,443.0,63235.0,141.0,6.0,51.0,149.0,60.0,0.0,47.0,6.0,443.0,63235.0,141.0,6.0,51.0,149.0,60.0,0.0,47.0,6.0,443.0,63235.0,141.0,6.0,51.0,149.0,60.0,0.0,47.0,6.0,443.0,63235.0,141.0,6.0,51.0,149.0,Normal,20241029,202924,4
60.0,0.0,47.0,6.0,443.0,63235.0,141.0,6.0,51.0,149.0,60.0,0.0,47.0,6.0,443.0,63235.0,141.0,6.0,51.0,149.0,60.0,0.0,47.0,6.0,443.0,63235.0,141.0,6.0,51.0,149.0,60.0,0.0,47.0,6.0,443.0,63235.0,141.0,6.0,51.0,149.0,125.0,0.0,128.0,6.0,63235.0,443.0,252.0,71.0,149.0,51.0,Web download,20241029,202924,4
60.0,0.0,47.0,6.0,443.0,63235.0,141.0,6.0,51.0,149.0,60.0,0.0,47.0,6.0,443.0,63235.0,141.0,6.0,51.0,149.0,60.0,0.0,47.0,6.0,443.0,63235.0,141.0,6.0,51.0,149.0,125.0,0.0,128.0,6.0,63235.0,443.0,252.0,71.0,149.0,51.0,125.0,0.0,128.0,6.0,63235.0,443.0,252.0,71.0,149.0,51.0,Web download,20241029,202924,4
60.0,0.0,47.0,6.0,443.0,63235.0,141.0,6.0,51.0,149.0,60.0,0.0,47.0,6.0,443.0,63235.0,141.0,6.0,51.0,149.0,125.0,0.0,128.0,6.0,63235.0,443.0,252.0,71.0,149.0,51.0,125.0,0.0,128.0,6.0,63235.0,443.0,252.0,71.0,149.0,51.0,60.0,0.0,47.0,6.0,443.0,63235.0,141.0,6.0,51.0,149.0,Normal,20241029,202924,4
60.0,0.0,47.0,6.0,443.0,63235.0,141.0,6.0,51.0,149.0,125.0,0.0,128.0,6.0,63235.0,443.0,252.0,71.0,149.0,51.0,125.0,0.0,128.0,6.0,63235.0,443.0,252.0,71.0,149.0,51.0,60.0,0.0,47.0,6.0,443.0,63235.0,141.0,6.0,51.0,149.0,60.0,0.0,47.0,6.0,443.0,63235.0,141.0,6.0,51.0,149.0,Normal,20241029,202924,4
125.0,0.0,128.0,6.0,63235.0,443.0,252.0,71.0,149.0,51.0,125.0,0.0,128.0,6.0,63235.0,443.0,252.0,71.0,149.0,51.0,60.0,0.0,47.0,6.0,443.0,63235.0,141.0,6.0,51.0,149.0,60.0,0.0,47.0,6.0,443.0,63235.0,141.0,6.0,51.0,149.0,95.0,0.0,128.0,6.0,63235.0,443.0,252.0,41.0,149.0,51.0,Web download,20241029,202924,4
125.0,0.0,128.0,6.0,63235.0,443.0,252.0,71.0,149.0,51.0,60.0,0.0,47.0,6.0,443.0,63235.0,141.0,6.0,51.0,149.0,60.0,0.0,47.0,6.0,443.0,63235.0,141.0,6.0,51.0,149.0,95.0,0.0,128.0,6.0,63235.0,443.0,252.0,41.0,149.0,51.0,95.0,0.0,128.0,6.0,63235.0,443.0,252.0,41.0,149.0,51.0,Web download,20241029,202924,4
60.0,0.0,47.0,6.0,443.0,63235.0,141.0,6.0,51.0,149.0,60.0,0.0,47.0,6.0,443.0,63235.0,141.0,6.0,51.0,149.0,95.0,0.0,128.0,6.0,63235.0,443.0,252.0,41.0,149.0,51.0,95.0,0.0,128.0,6.0,63235.0,443.0,252.0,41.0,149.0,51.0,95.0,0.0,128.0,6.0,63235.0,443.0,252.0,41.0,149.0,51.0,Web download,20241029,202924,4
60.0,0.0,47.0,6.0,443.0,63235.0,141.0,6.0,51.0,149.0,95.0,0.0,128.0,6.0,63235.0,443.0,252.0,41.0,149.0,51.0,95.0,0.0,128.0,6.0,63235.0,443.0,252.0,41.0,149.0,51.0,95.0,0.0,128.0,6.0,63235.0,443.0,252.0,41.0,149.0,51.0,95.0,0.0,128.0,6.0,63235.0,443.0,252.0,41.0,149.0,51.0,Web download,20241029,202924,4
95.0,0.0,128.0,6.0,63235.0,443.0,252.0,41.0,149.0,51.0,95.0,0.0,128.0,6.0,63235.0,443.0,252.0,41.0,149.0,51.0,95.0,0.0,128.0,6.0,63235.0,443.0,252.0,41.0,149.0,51.0,95.0,0.0,128.0,6.0,63235.0,443.0,252.0,41.0,149.0,51.0,60.0,0.0,47.0,6.0,443.0,63235.0,141.0,6.0,51.0,149.0,Normal,20241029,202924,4
95.0,0.0,128.0,6.0,63235.0,443.0,252.0,41.0,149.0,51.0,95.0,0.0,128.0,6.0,63235.0,443.0,252.0,41.0,149.0,51.0,95.0,0.0,128.0,6.0,63235.0,443.0,252.0,41.0,149.0,51.0,60.0,0.0,47.0,6.0,443.0,63235.0,141.0,6.0,51.0,149.0,60.0,0.0,47.0,6.0,443.0,63235.0,141.0,6.0,51.0,149.0,Normal,20241029,202924,4
95.0,0.0,128.0,6.0,63235.0,443.0,252.0,41.0,149.0,51.0,95.0,0.0,128.0,6.0,63235.0,443.0,252.0,41.0,149.0,51.0,60.0,0.0,47.0,6.0,443.0,63235.0,141.0,6.0,51.0,149.0,60.0,0.0,47.0,6.0,443.0,63235.0,141.0,6.0,51.0,149.0,60.0,0.0,47.0,6.0,443.0,63235.0,141.0,6.0,51.0,149.0,Normal,20241029,202924,4
95.0,0.0,128.0,6.0,63235.0,443.0,252.0,41.0,149.0,51.0,60.0,0.0,47.0,6.0,443.0,63235.0,141.0,6.0,51.0,149.0,60.0,0.0,47.0,6.0,443.0,63235.0,141.0,6.0,51.0,149.0,60.0,0.0,47.0,6.0,443.0,63235.0,141.0,6.0,51.0,149.0,60.0,0.0,47.0,6.0,443.0,63235.0,141.0,6.0,51.0,149.0,Normal,20241029,202924,4
60.0,0.0,47.0,6.0,443.0,63235.0,141.0,6.0,51.0,149.0,60.0,0.0,47.0,6.0,443.0,63235.0,141.0,6.0,51.0,149.0,60.0,0.0,47.0,6.0,443.0,63235.0,141.0,6.0,51.0,149.0,60.0,0.0,47.0,6.0,443.0,63235.0,141.0,6.0,51.0,149.0,0.0,0.0,0.0,0.0,0.0,0.0,0.0,0.0,0.0,0.0,Normal,20241029,202924,4
60.0,0.0,47.0,6.0,443.0,63235.0,141.0,6.0,51.0,149.0,60.0,0.0,47.0,6.0,443.0,63235.0,141.0,6.0,51.0,149.0,60.0,0.0,47.0,6.0,443.0,63235.0,141.0,6.0,51.0,149.0,0.0,0.0,0.0,0.0,0.0,0.0,0.0,0.0,0.0,0.0,0.0,0.0,0.0,0.0,0.0,0.0,0.0,0.0,0.0,0.0,Normal,20241029,202924,4
60.0,0.0,47.0,6.0,443.0,63235.0,141.0,6.0,51.0,149.0,60.0,0.0,47.0,6.0,443.0,63235.0,141.0,6.0,51.0,149.0,0.0,0.0,0.0,0.0,0.0,0.0,0.0,0.0,0.0,0.0,0.0,0.0,0.0,0.0,0.0,0.0,0.0,0.0,0.0,0.0,85.0,0.0,64.0,17.0,52263.0,5775.0,0.0,43.0,192.0,255.0,Normal,20241029,202924,4
60.0,0.0,47.0,6.0,443.0,63235.0,141.0,6.0,51.0,149.0,0.0,0.0,0.0,0.0,0.0,0.0,0.0,0.0,0.0,0.0,0.0,0.0,0.0,0.0,0.0,0.0,0.0,0.0,0.0,0.0,85.0,0.0,64.0,17.0,52263.0,5775.0,0.0,43.0,192.0,255.0,85.0,0.0,64.0,17.0,52263.0,5775.0,0.0,43.0,192.0,255.0,Normal,20241029,202924,4
0.0,0.0,0.0,0.0,0.0,0.0,0.0,0.0,0.0,0.0,0.0,0.0,0.0,0.0,0.0,0.0,0.0,0.0,0.0,0.0,85.0,0.0,64.0,17.0,52263.0,5775.0,0.0,43.0,192.0,255.0,85.0,0.0,64.0,17.0,52263.0,5775.0,0.0,43.0,192.0,255.0,54.0,0.0,1.0,2.0,0.0,0.0,0.0,0.0,149.0,22.0,Normal,20241029,202924,4
0.0,0.0,0.0,0.0,0.0,0.0,0.0,0.0,0.0,0.0,85.0,0.0,64.0,17.0,52263.0,5775.0,0.0,43.0,192.0,255.0,85.0,0.0,64.0,17.0,52263.0,5775.0,0.0,43.0,192.0,255.0,54.0,0.0,1.0,2.0,0.0,0.0,0.0,0.0,149.0,22.0,54.0,0.0,1.0,2.0,0.0,0.0,0.0,0.0,149.0,22.0,Normal,20241029,202924,4
85.0,0.0,64.0,17.0,52263.0,5775.0,0.0,43.0,192.0,255.0,85.0,0.0,64.0,17.0,52263.0,5775.0,0.0,43.0,192.0,255.0,54.0,0.0,1.0,2.0,0.0,0.0,0.0,0.0,149.0,22.0,54.0,0.0,1.0,2.0,0.0,0.0,0.0,0.0,149.0,22.0,125.0,0.0,128.0,6.0,63235.0,443.0,252.0,71.0,149.0,51.0,Web download,20241029,202924,4
85.0,0.0,64.0,17.0,52263.0,5775.0,0.0,43.0,192.0,255.0,54.0,0.0,1.0,2.0,0.0,0.0,0.0,0.0,149.0,22.0,54.0,0.0,1.0,2.0,0.0,0.0,0.0,0.0,149.0,22.0,125.0,0.0,128.0,6.0,63235.0,443.0,252.0,71.0,149.0,51.0,125.0,0.0,128.0,6.0,63235.0,443.0,252.0,71.0,149.0,51.0,Web download,20241029,202924,4
54.0,0.0,1.0,2.0,0.0,0.0,0.0,0.0,149.0,22.0,54.0,0.0,1.0,2.0,0.0,0.0,0.0,0.0,149.0,22.0,125.0,0.0,128.0,6.0,63235.0,443.0,252.0,71.0,149.0,51.0,125.0,0.0,128.0,6.0,63235.0,443.0,252.0,71.0,149.0,51.0,60.0,0.0,47.0,6.0,443.0,63235.0,141.0,6.0,51.0,149.0,Normal,20241029,202924,4
54.0,0.0,1.0,2.0,0.0,0.0,0.0,0.0,149.0,22.0,125.0,0.0,128.0,6.0,63235.0,443.0,252.0,71.0,149.0,51.0,125.0,0.0,128.0,6.0,63235.0,443.0,252.0,71.0,149.0,51.0,60.0,0.0,47.0,6.0,443.0,63235.0,141.0,6.0,51.0,149.0,60.0,0.0,47.0,6.0,443.0,63235.0,141.0,6.0,51.0,149.0,Normal,20241029,202924,4
125.0,0.0,128.0,6.0,63235.0,443.0,252.0,71.0,149.0,51.0,125.0,0.0,128.0,6.0,63235.0,443.0,252.0,71.0,149.0,51.0,60.0,0.0,47.0,6.0,443.0,63235.0,141.0,6.0,51.0,149.0,60.0,0.0,47.0,6.0,443.0,63235.0,141.0,6.0,51.0,149.0,95.0,0.0,128.0,6.0,63235.0,443.0,252.0,41.0,149.0,51.0,Web download,20241029,202924,4
125.0,0.0,128.0,6.0,63235.0,443.0,252.0,71.0,149.0,51.0,60.0,0.0,47.0,6.0,443.0,63235.0,141.0,6.0,51.0,149.0,60.0,0.0,47.0,6.0,443.0,63235.0,141.0,6.0,51.0,149.0,95.0,0.0,128.0,6.0,63235.0,443.0,252.0,41.0,149.0,51.0,95.0,0.0,128.0,6.0,63235.0,443.0,252.0,41.0,149.0,51.0,Web download,20241029,202924,4
60.0,0.0,47.0,6.0,443.0,63235.0,141.0,6.0,51.0,149.0,60.0,0.0,47.0,6.0,443.0,63235.0,141.0,6.0,51.0,149.0,95.0,0.0,128.0,6.0,63235.0,443.0,252.0,41.0,149.0,51.0,95.0,0.0,128.0,6.0,63235.0,443.0,252.0,41.0,149.0,51.0,95.0,0.0,128.0,6.0,63235.0,443.0,252.0,41.0,149.0,51.0,Web download,20241029,202924,4
60.0,0.0,47.0,6.0,443.0,63235.0,141.0,6.0,51.0,149.0,95.0,0.0,128.0,6.0,63235.0,443.0,252.0,41.0,149.0,51.0,95.0,0.0,128.0,6.0,63235.0,443.0,252.0,41.0,149.0,51.0,95.0,0.0,128.0,6.0,63235.0,443.0,252.0,41.0,149.0,51.0,95.0,0.0,128.0,6.0,63235.0,443.0,252.0,41.0,149.0,51.0,Web download,20241029,202924,4
95.0,0.0,128.0,6.0,63235.0,443.0,252.0,41.0,149.0,51.0,95.0,0.0,128.0,6.0,63235.0,443.0,252.0,41.0,149.0,51.0,95.0,0.0,128.0,6.0,63235.0,443.0,252.0,41.0,149.0,51.0,95.0,0.0,128.0,6.0,63235.0,443.0,252.0,41.0,149.0,51.0,60.0,0.0,47.0,6.0,443.0,63235.0,141.0,6.0,51.0,149.0,Normal,20241029,202924,4
95.0,0.0,128.0,6.0,63235.0,443.0,252.0,41.0,149.0,51.0,95.0,0.0,128.0,6.0,63235.0,443.0,252.0,41.0,149.0,51.0,95.0,0.0,128.0,6.0,63235.0,443.0,252.0,41.0,149.0,51.0,60.0,0.0,47.0,6.0,443.0,63235.0,141.0,6.0,51.0,149.0,60.0,0.0,47.0,6.0,443.0,63235.0,141.0,6.0,51.0,149.0,Normal,20241029,202924,4
95.0,0.0,128.0,6.0,63235.0,443.0,252.0,41.0,149.0,51.0,95.0,0.0,128.0,6.0,63235.0,443.0,252.0,41.0,149.0,51.0,60.0,0.0,47.0,6.0,443.0,63235.0,141.0,6.0,51.0,149.0,60.0,0.0,47.0,6.0,443.0,63235.0,141.0,6.0,51.0,149.0,60.0,0.0,47.0,6.0,443.0,63235.0,141.0,6.0,51.0,149.0,Normal,20241029,202924,4
95.0,0.0,128.0,6.0,63235.0,443.0,252.0,41.0,149.0,51.0,60.0,0.0,47.0,6.0,443.0,63235.0,141.0,6.0,51.0,149.0,60.0,0.0,47.0,6.0,443.0,63235.0,141.0,6.0,51.0,149.0,60.0,0.0,47.0,6.0,443.0,63235.0,141.0,6.0,51.0,149.0,60.0,0.0,47.0,6.0,443.0,63235.0,141.0,6.0,51.0,149.0,Normal,20241029,202924,4
60.0,0.0,47.0,6.0,443.0,63235.0,141.0,6.0,51.0,149.0,60.0,0.0,47.0,6.0,443.0,63235.0,141.0,6.0,51.0,149.0,60.0,0.0,47.0,6.0,443.0,63235.0,141.0,6.0,51.0,149.0,60.0,0.0,47.0,6.0,443.0,63235.0,141.0,6.0,51.0,149.0,95.0,0.0,128.0,6.0,63235.0,443.0,252.0,41.0,149.0,51.0,Web download,20241029,202924,4
60.0,0.0,47.0,6.0,443.0,63235.0,141.0,6.0,51.0,149.0,60.0,0.0,47.0,6.0,443.0,63235.0,141.0,6.0,51.0,149.0,60.0,0.0,47.0,6.0,443.0,63235.0,141.0,6.0,51.0,149.0,95.0,0.0,128.0,6.0,63235.0,443.0,252.0,41.0,149.0,51.0,95.0,0.0,128.0,6.0,63235.0,443.0,252.0,41.0,149.0,51.0,Web download,20241029,202924,4
60.0,0.0,47.0,6.0,443.0,63235.0,141.0,6.0,51.0,149.0,60.0,0.0,47.0,6.0,443.0,63235.0,141.0,6.0,51.0,149.0,95.0,0.0,128.0,6.0,63235.0,443.0,252.0,41.0,149.0,51.0,95.0,0.0,128.0,6.0,63235.0,443.0,252.0,41.0,149.0,51.0,95.0,0.0,128.0,6.0,63235.0,443.0,252.0,41.0,149.0,51.0,Web download,20241029,202924,4
60.0,0.0,47.0,6.0,443.0,63235.0,141.0,6.0,51.0,149.0,95.0,0.0,128.0,6.0,63235.0,443.0,252.0,41.0,149.0,51.0,95.0,0.0,128.0,6.0,63235.0,443.0,252.0,41.0,149.0,51.0,95.0,0.0,128.0,6.0,63235.0,443.0,252.0,41.0,149.0,51.0,95.0,0.0,128.0,6.0,63235.0,443.0,252.0,41.0,149.0,51.0,Web download,20241029,202924,4
95.0,0.0,128.0,6.0,63235.0,443.0,252.0,41.0,149.0,51.0,95.0,0.0,128.0,6.0,63235.0,443.0,252.0,41.0,149.0,51.0,95.0,0.0,128.0,6.0,63235.0,443.0,252.0,41.0,149.0,51.0,95.0,0.0,128.0,6.0,63235.0,443.0,252.0,41.0,149.0,51.0,60.0,0.0,47.0,6.0,443.0,63235.0,141.0,6.0,51.0,149.0,Normal,20241029,202924,4
95.0,0.0,128.0,6.0,63235.0,443.0,252.0,41.0,149.0,51.0,95.0,0.0,128.0,6.0,63235.0,443.0,252.0,41.0,149.0,51.0,95.0,0.0,128.0,6.0,63235.0,443.0,252.0,41.0,149.0,51.0,60.0,0.0,47.0,6.0,443.0,63235.0,141.0,6.0,51.0,149.0,60.0,0.0,47.0,6.0,443.0,63235.0,141.0,6.0,51.0,149.0,Normal,20241029,202924,4
95.0,0.0,128.0,6.0,63235.0,443.0,252.0,41.0,149.0,51.0,95.0,0.0,128.0,6.0,63235.0,443.0,252.0,41.0,149.0,51.0,60.0,0.0,47.0,6.0,443.0,63235.0,141.0,6.0,51.0,149.0,60.0,0.0,47.0,6.0,443.0,63235.0,141.0,6.0,51.0,149.0,60.0,0.0,47.0,6.0,443.0,63235.0,141.0,6.0,51.0,149.0,Normal,20241029,202924,4
95.0,0.0,128.0,6.0,63235.0,443.0,252.0,41.0,149.0,51.0,60.0,0.0,47.0,6.0,443.0,63235.0,141.0,6.0,51.0,149.0,60.0,0.0,47.0,6.0,443.0,63235.0,141.0,6.0,51.0,149.0,60.0,0.0,47.0,6.0,443.0,63235.0,141.0,6.0,51.0,149.0,60.0,0.0,47.0,6.0,443.0,63235.0,141.0,6.0,51.0,149.0,Normal,20241029,202924,4
